"Orders ID","Product name","Product category","Invoice ID","Transaction moment","Customer last name","Customer first name"
1,"4G DDR3 1600 TEAM ELITE",RAM,20220902081028,"2022-09-02 08:10:28",Kohut,Zynovij
2,"ASUS ROG STRIX B560-A GAMIN WF","MAIN BOARD",20220902081028,"2022-09-02 08:10:28",Kohut,Zynovij
3,"34 LENOVO G34W-10",MONITOR,20220902081028,"2022-09-02 08:10:28",Kohut,Zynovij
4,"LOGITECH HD PRO WEBCAM C920","WEB CAMERA",20220902081028,"2022-09-02 08:10:28",Kohut,Zynovij
5,"THREADRIPPER 2970X",CPUs,20220903091341,"2022-09-03 09:13:41",Dudnyk,Vita
6,"GB Z690 UD /LGA1700","MAIN BOARD",20220903091341,"2022-09-03 09:13:41",Dudnyk,Vita
7,"ASUS G15CF-WB7636",Desktops,20220904085624,"2022-09-04 08:56:24",Usenko,Eduard
11,"CANON MF-461DW AIO LASER",PRINTER,20220906092712,"2022-09-06 09:27:12",Kalinichenko,Eduard
12,"PALIT RTX3090TI GAMEROCK 24G","VIDEO CARD",20220906092712,"2022-09-06 09:27:12",Kalinichenko,Eduard
13,"A4 B318 BLOODY LIGHT STRIKE BK",KEYBOARD,20220906092712,"2022-09-06 09:27:12",Kalinichenko,Eduard
14,"ASUS W5000 WL KB+MOUSE WHITE",KEYBOARD,20220907093931,"2022-09-07 09:39:31",Ilchenko,Tamara
15,"27 LG 27UP850-W",MONITOR,20220907093931,"2022-09-07 09:39:31",Ilchenko,Tamara
16,"GB R695XTGAMING OC-16GD","VIDEO CARD",20220907093931,"2022-09-07 09:39:31",Ilchenko,Tamara
17,"GB N3090GAMING OC-24GD","VIDEO CARD",20220907093931,"2022-09-07 09:39:31",Ilchenko,Tamara
18,"ASUS G15CF-WB7822",Desktops,20220908082145,"2022-09-08 08:21:45",Kravchenko,Myroslav
19,"ASUS G15DK-21302",Desktops,20220908082145,"2022-09-08 08:21:45",Kravchenko,Myroslav
20,"LOGITECH HD PRO WEBCAM C920","WEB CAMERA",20220909092219,"2022-09-09 09:22:19",Movchan,Dmytro
21,"GB Z690 UD /LGA1700","MAIN BOARD",20220909092219,"2022-09-09 09:22:19",Movchan,Dmytro
22,"MSI 32 OPTIX G32CQ4 VA CURVED",MONITOR,20220909092219,"2022-09-09 09:22:19",Movchan,Dmytro
23,"ASUS G513RM-LN397",NOTEBOOK,20220910093446,"2022-09-10 09:34:46",Kalinichenko,Eduard
24,"LOGITECH HD PRO WEBCAM C920","WEB CAMERA",20220911110411,"2022-09-11 11:04:11",Leshchenko,Khrystyna
25,"NOKIA 43 SMART TV 4300B FHD",MONITOR,20220911110411,"2022-09-11 11:04:11",Leshchenko,Khrystyna
26,"LENOVO WL DESKTOP 510 BLACK",KEYBOARD,20220912081145,"2022-09-12 08:11:45",Kondratyuk,Liliya
27,"ACER AN515-57-74E6 NITRO 5",NOTEBOOK,20220912081145,"2022-09-12 08:11:45",Kondratyuk,Liliya
28,"MSI RX6950XT GAMING X TRIO 16G","VIDEO CARD",20220912081145,"2022-09-12 08:11:45",Kondratyuk,Liliya
29,"LENOVO V520 TWR",Desktops,20220912081145,"2022-09-12 08:11:45",Kondratyuk,Liliya
30,"NOKIA 43 SMART TV 4300B FHD",MONITOR,20220913081549,"2022-09-13 08:15:49",Yatsenko,Halyna
31,"ASUS G15DK-21302",Desktops,20220914092546,"2022-09-14 09:25:46",Prykhodko,Hryhorij
32,"ASUS G15CF-WB7636",Desktops,20220914092546,"2022-09-14 09:25:46",Prykhodko,Hryhorij
33,"8GB DDR5 5200 ADATA HUNTER",RAM,20220914092546,"2022-09-14 09:25:46",Prykhodko,Hryhorij
34,"GB Z690 UD /LGA1700","MAIN BOARD",20220915081136,"2022-09-15 08:11:36",Savenko,Yana
35,"ACER 34 CB342CKCSMIIPHUZX",MONITOR,20220915081136,"2022-09-15 08:11:36",Savenko,Yana
36,"ASUS G15DK-21302",Desktops,20220915081136,"2022-09-15 08:11:36",Savenko,Yana
37,"ASUS G15CF-WB5720W",Desktops,20220915081136,"2022-09-15 08:11:36",Savenko,Yana
38,"ACER PREDATOR GAME PAD 711",MOUSE,20220915081136,"2022-09-15 08:11:36",Savenko,Yana
39,"PALIT RTX3080TI GAMEROCK 12G","VIDEO CARD",20220915081136,"2022-09-15 08:11:36",Savenko,Yana
40,"ASUS G15CF-WB7822",Desktops,20220916080537,"2022-09-16 08:05:37",Shirman,Artem
41,"GB R69XTGAMING OC-16GD","VIDEO CARD",20220916080537,"2022-09-16 08:05:37",Shirman,Artem
42,"A4 X-705K 3-FIRE GAME OPT USB",MOUSE,20220916080537,"2022-09-16 08:05:37",Shirman,Artem
43,"34 LENOVO G34W-10",MONITOR,20220916080537,"2022-09-16 08:05:37",Shirman,Artem
44,"MSI RX6950XT GAMING X TRIO 16G","VIDEO CARD",20220916080537,"2022-09-16 08:05:37",Shirman,Artem
45,"LENOVO YOGA 7 14 / 82QF003QBM",NOTEBOOK,20220916080537,"2022-09-16 08:05:37",Shirman,Artem
48,"ASUS G15CF-WB5720W",Desktops,20220919105726,"2022-09-19 10:57:26",Stepanenko,Liliya
49,"CM DEVASTATOR II BLU LED DESKT",KEYBOARD,20220919105726,"2022-09-19 10:57:26",Stepanenko,Liliya
50,"MSI MAG Z490 TOMAHAWK /LGA1200","MAIN BOARD",20220919105726,"2022-09-19 10:57:26",Stepanenko,Liliya
51,"ASUS 31.5 TUF GAMING VG32VQ1BR",MONITOR,20220919105726,"2022-09-19 10:57:26",Stepanenko,Liliya
52,"4G DDR4 2666 ADATA",RAM,20220919105726,"2022-09-19 10:57:26",Stepanenko,Liliya
53,"16G DDR4 2666 ADATA",RAM,20220920153633,"2022-09-20 15:36:33",Ponomarenko,Taras
54,"34 LENOVO G34W-10",MONITOR,20220921095638,"2022-09-21 09:56:38",Kysil,Yana
55,"ACER AMR514 RF2.4 WL OPTICAL",MOUSE,20220921095638,"2022-09-21 09:56:38",Kysil,Yana
56,"ASUS NC05 TUF GAMING P3 PAD",MOUSE,20220921095638,"2022-09-21 09:56:38",Kysil,Yana
57,"ASUS ROG STRIX G35CA-WB7830W",Desktops,20220922155604,"2022-09-22 15:56:04",Yatsenko,Halyna
58,"MSI 32 OPTIX MAG322CQR",MONITOR,20220923092352,"2022-09-23 09:23:52",Yakymenko,Danylo
59,"8G DDR4 2666 KINGSTON",RAM,20220923092352,"2022-09-23 09:23:52",Yakymenko,Danylo
60,"GB Z690 UD /LGA1700","MAIN BOARD",20220923092352,"2022-09-23 09:23:52",Yakymenko,Danylo
61,"34 LENOVO G34W-10",MONITOR,20220923092352,"2022-09-23 09:23:52",Yakymenko,Danylo
62,"GB R69XTGAMING OC-16GD","VIDEO CARD",20220924092429,"2022-09-24 09:24:29",Kolisnyk,Oksana
63,"ACER 34 CB342CKCSMIIPHUZX",MONITOR,20220924092429,"2022-09-24 09:24:29",Kolisnyk,Oksana
64,"8GB DDR5 5200 ADATA HUNTER",RAM,20220924092429,"2022-09-24 09:24:29",Kolisnyk,Oksana
65,"ACER PREDATOR GAME PAD 711",MOUSE,20220925100217,"2022-09-25 10:02:17",Fesenko,Svitlana
66,"ASUS G15CF-WB7636",Desktops,20220925100217,"2022-09-25 10:02:17",Fesenko,Svitlana
67,"NOKIA 43 SMART TV 4300A 4K",MONITOR,20220925100217,"2022-09-25 10:02:17",Fesenko,Svitlana
68,"MSI 32 OPTIX MAG322CQR",MONITOR,20220925100217,"2022-09-25 10:02:17",Fesenko,Svitlana
69,"ASROCK B550 PHANTOM GAM-ITX/AX","MAIN BOARD",20220926083546,"2022-09-26 08:35:46",Demydenko,Andrij
70,"ACER AN517-42-R8SQ NITRO 5",NOTEBOOK,20220926083546,"2022-09-26 08:35:46",Demydenko,Andrij
71,"ASUS 31.5 TUF GAMING VG32VQ1BR",MONITOR,20220926083546,"2022-09-26 08:35:46",Demydenko,Andrij
72,"A4 V7M BLOODY GAMING BLACK",MOUSE,20220927115121,"2022-09-27 11:51:21",Khudenko,Zynovij
73,"ASUS ROG STRIX B560-A GAMIN WF","MAIN BOARD",20220927115121,"2022-09-27 11:51:21",Khudenko,Zynovij
74,"27 GB G27Q-EK",MONITOR,20220927115121,"2022-09-27 11:51:21",Khudenko,Zynovij
75,"ACER AN515-57-74E6 NITRO 5",NOTEBOOK,20220928080404,"2022-09-28 08:04:04",Babych,Yuliya
76,"GW RTX3080TI PHANTOM 12G","VIDEO CARD",20220928080404,"2022-09-28 08:04:04",Babych,Yuliya
77,"MSI 32 OPTIX G32CQ4 VA CURVED",MONITOR,20220928080404,"2022-09-28 08:04:04",Babych,Yuliya
78,"8GB DDR5 4800 KINGSTON",RAM,20220928080404,"2022-09-28 08:04:04",Babych,Yuliya
79,"REP EXT CAMERA CASE TH-500","WEB CAMERA",20220928080404,"2022-09-28 08:04:04",Babych,Yuliya
80,"LENOVO LEGION T7 34/90S2005YRM",Desktops,20220929105613,"2022-09-29 10:56:13",Movchan,Dmytro
81,"MSI 32 OPTIX G32CQ4 VA CURVED",MONITOR,20220929105613,"2022-09-29 10:56:13",Movchan,Dmytro
82,"ASUS G15CF-WB7636",Desktops,20220929105613,"2022-09-29 10:56:13",Movchan,Dmytro
83,"ASUS ROG STRIX B560-G GAMIN WF","MAIN BOARD",20220930094807,"2022-09-30 09:48:07",Shirman,Artem
84,"A4 X-705K 3-FIRE GAME OPT USB",MOUSE,20220930094807,"2022-09-30 09:48:07",Shirman,Artem
85,"Dell OptiPlex 7060 SFF",Desktops,20220930094807,"2022-09-30 09:48:07",Shirman,Artem
86,"LOGITECH M185 WL / RED",MOUSE,20220930094807,"2022-09-30 09:48:07",Shirman,Artem
87,"GW RTX3080TI PHANTOM 12G","VIDEO CARD",20221001134721,"2022-10-01 13:47:21",Morhun,Yevheniya
92,"ASUS ROG STRIX B560-A GAMIN WF","MAIN BOARD",20221003105755,"2022-10-03 10:57:55",Petruk,Oleksandra
93,"LENOVO YOGA 7 14 / 82QF003QBM",NOTEBOOK,20221003105755,"2022-10-03 10:57:55",Petruk,Oleksandra
94,"ASUS G15CF-WB5720W",Desktops,20221004080619,"2022-10-04 08:06:19",Kysil,Yana
95,"GB R695XTGAMING OC-16GD","VIDEO CARD",20221004080619,"2022-10-04 08:06:19",Kysil,Yana
96,"ASUS G15DK-21302",Desktops,20221004080619,"2022-10-04 08:06:19",Kysil,Yana
97,"ASUS G15CF-WB7636",Desktops,20221004080619,"2022-10-04 08:06:19",Kysil,Yana
98,"LOGITECH M185 WL / RED",MOUSE,20221005080305,"2022-10-05 08:03:05",Shirman,Artem
99,"GB B550 AORUS PRO AC /AM4","MAIN BOARD",20221005080305,"2022-10-05 08:03:05",Shirman,Artem
100,"GB R695XTGAMING OC-16GD","VIDEO CARD",20221006093945,"2022-10-06 09:39:45",Holovko,Denys
101,"MSI 32 OPTIX G32CQ4 VA CURVED",MONITOR,20221006093945,"2022-10-06 09:39:45",Holovko,Denys
102,"MSI PRO Z690-A DDR4 /LGA1700","MAIN BOARD",20221006093945,"2022-10-06 09:39:45",Holovko,Denys
103,"ACER AN515-57-74E6 NITRO 5",NOTEBOOK,20221007100219,"2022-10-07 10:02:19",Shynkarenko,Serhij
104,"Dell Vostro 5471",NOTEBOOK,20221007100219,"2022-10-07 10:02:19",Shynkarenko,Serhij
105,"GW RTX3080TI PHANTOM 12G","VIDEO CARD",20221007100219,"2022-10-07 10:02:19",Shynkarenko,Serhij
106,"LENOVO 300 FHD W/MIC","WEB CAMERA",20221007100219,"2022-10-07 10:02:19",Shynkarenko,Serhij
107,"MSI PRO Z690-A DDR4 /LGA1700","MAIN BOARD",20221007100219,"2022-10-07 10:02:19",Shynkarenko,Serhij
108,"A4 B318 BLOODY LIGHT STRIKE BK",KEYBOARD,20221008154504,"2022-10-08 15:45:04",Serdyuk,Tayisiya
109,"MSI 32 OPTIX G32CQ4 VA CURVED",MONITOR,20221008154504,"2022-10-08 15:45:04",Serdyuk,Tayisiya
110,"GB R695XTGAMING OC-16GD","VIDEO CARD",20221009101650,"2022-10-09 10:16:50",Valenyuk,Roman
111,"GB R69XTGAMING OC-16GD","VIDEO CARD",20221010140111,"2022-10-10 14:01:11",Tarasyuk,Yukhym
112,"DELL XPS15 (9560)",NOTEBOOK,20221011081948,"2022-10-11 08:19:48",Valenyuk,Roman
113,"OMEGA CMM293RD /7D /BLACK-RED",MOUSE,20221011081948,"2022-10-11 08:19:48",Valenyuk,Roman
114,"CANON MF-463DW AIO LASER",PRINTER,20221011081948,"2022-10-11 08:19:48",Valenyuk,Roman
115,"LOGITECH M185 WL / RED",MOUSE,20221011081948,"2022-10-11 08:19:48",Valenyuk,Roman
116,"27 LG 27UP850-W",MONITOR,20221011081948,"2022-10-11 08:19:48",Valenyuk,Roman
117,"8GB DDR5 5200 ADATA HUNTER",RAM,20221011081948,"2022-10-11 08:19:48",Valenyuk,Roman
118,"OMEGA KB-805 MECH USB GAMING",KEYBOARD,20221012104850,"2022-10-12 10:48:50",Shevchenko,Mykyta
119,"8GB DDR5 5200 ADATA HUNTER",RAM,20221012104850,"2022-10-12 10:48:50",Shevchenko,Mykyta
120,"GB R695XTGAMING OC-16GD","VIDEO CARD",20221012104850,"2022-10-12 10:48:50",Shevchenko,Mykyta
121,"OMEGA CMM293RD /7D /BLACK-RED",MOUSE,20221013093549,"2022-10-13 09:35:49",Honchar,Anton
122,"REP EXT CAMERA CASE TH-500","WEB CAMERA",20221013093549,"2022-10-13 09:35:49",Honchar,Anton
123,"ASUS G35DX-21202W",Desktops,20221014112444,"2022-10-14 11:24:44",Didyk,Lyubov
124,"ASUS B5602CBN-OLED-UI74D0X",NOTEBOOK,20221014112444,"2022-10-14 11:24:44",Didyk,Lyubov
125,"REP EXT CAMERA CASE TH-500","WEB CAMERA",20221014112444,"2022-10-14 11:24:44",Didyk,Lyubov
126,"ASUS B5602CBN-OLED-UI74D0X",NOTEBOOK,20221016101556,"2022-10-16 10:15:56",Balko,Yeva
127,"LOGITECH M105 /USB/BLACK",MOUSE,20221016101556,"2022-10-16 10:15:56",Balko,Yeva
128,"MSI PRO Z690-A DDR4 /LGA1700","MAIN BOARD",20221016101556,"2022-10-16 10:15:56",Balko,Yeva
129,"A4 B318 BLOODY LIGHT STRIKE BK",KEYBOARD,20221017122555,"2022-10-17 12:25:55",Movchan,Eduard
131,"LENOVO LEGIOIN K300 RGB",KEYBOARD,20221020113719,"2022-10-20 11:37:19",Sayenko,Ulyana
132,"ACER AN517-42-R8SQ NITRO 5",NOTEBOOK,20221020113719,"2022-10-20 11:37:19",Sayenko,Ulyana
133,"GB R695XTGAMING OC-16GD","VIDEO CARD",20221020113719,"2022-10-20 11:37:19",Sayenko,Ulyana
134,"8G DDR4 2666 KINGSTON",RAM,20221020113719,"2022-10-20 11:37:19",Sayenko,Ulyana
135,"ASUS 23.8 PROART PA248Q",MONITOR,20221020113719,"2022-10-20 11:37:19",Sayenko,Ulyana
136,"MSI RTX3080TI VENTUS 3X 12G OC","VIDEO CARD",20221021115347,"2022-10-21 11:53:47",Savenko,Yana
137,"ACER AN517-42-R8SQ NITRO 5",NOTEBOOK,20221021115347,"2022-10-21 11:53:47",Savenko,Yana
138,"ASUS G15CF-WB5720W",Desktops,20221022113941,"2022-10-22 11:39:41",Balko,Yeva
139,"ACER 34 CB342CKCSMIIPHUZX",MONITOR,20221022113941,"2022-10-22 11:39:41",Balko,Yeva
140,"27 GB G27Q-EK",MONITOR,20221023084709,"2022-10-23 08:47:09",Valenyuk,Volodymyr
141,"ASUS G15CF-WB7822",Desktops,20221023084709,"2022-10-23 08:47:09",Valenyuk,Volodymyr
142,"ACER 34 CB342CKCSMIIPHUZX",MONITOR,20221023084709,"2022-10-23 08:47:09",Valenyuk,Volodymyr
143,"A4 V7M BLOODY GAMING BLACK",MOUSE,20221023084709,"2022-10-23 08:47:09",Valenyuk,Volodymyr
144,"GW RTX3080TI PHANTOM 12G","VIDEO CARD",20221024131046,"2022-10-24 13:10:46",Morhun,Yevheniya
145,"MS WIRELESS DESKTOP 850 AES",KEYBOARD,20221024131046,"2022-10-24 13:10:46",Morhun,Yevheniya
146,"8GB DDR5 4800 KINGSTON",RAM,20221026091220,"2022-10-26 09:12:20",Solovej,Taras
147,"CANON MF-461DW AIO LASER",PRINTER,20221026091220,"2022-10-26 09:12:20",Solovej,Taras
148,"MSI RX6950XT GAMING X TRIO 16G","VIDEO CARD",20221027111157,"2022-10-27 11:11:57",Lysyuk,Alla
149,"ASUS W5000 WL KB+MOUSE WHITE",KEYBOARD,20221027111157,"2022-10-27 11:11:57",Lysyuk,Alla
150,"LENOVO LEGION T5 26/90RC01B5RM",Desktops,20221027111157,"2022-10-27 11:11:57",Lysyuk,Alla
151,"ASUS B5602CBN-OLED-UI74D0X",NOTEBOOK,20221027111157,"2022-10-27 11:11:57",Lysyuk,Alla
152,"A4 V7M BLOODY GAMING BLACK",MOUSE,20221028141533,"2022-10-28 14:15:33",Serdyuk,Svyatoslav
153,"ASUS ROG STRIX B560-A GAMIN WF","MAIN BOARD",20221029132027,"2022-10-29 13:20:27",Shynkarenko,Serhij
154,"PALIT RTX3080TI GAMEROCK 12G","VIDEO CARD",20221030103637,"2022-10-30 10:36:37",Horban,Andrij
155,"ASUS 31.5 TUF GAMING VG32VQ1BR",MONITOR,20221030103637,"2022-10-30 10:36:37",Horban,Andrij
156,"MSI 32 OPTIX MAG322CQR",MONITOR,20221031104020,"2022-10-31 10:40:20",Petruk,Valentyna
157,"LOGITECH M185 WL / RED",MOUSE,20221031104020,"2022-10-31 10:40:20",Petruk,Valentyna
158,"GB R69XTGAMING OC-16GD","VIDEO CARD",20221101153719,"2022-11-01 15:37:19",Valenyuk,Volodymyr
159,"ASUS G15DK-21302",Desktops,20221102111635,"2022-11-02 11:16:35",Yakymenko,Danylo
160,"MS WL MOBILE MOUSE 1850 BLACK",MOUSE,20221102111635,"2022-11-02 11:16:35",Yakymenko,Danylo
161,"16G DDR4 2666 ADATA",RAM,20221103082018,"2022-11-03 08:20:18",Movchan,Ivan
162,"ACER AN515-57-74E6 NITRO 5",NOTEBOOK,20221103082018,"2022-11-03 08:20:18",Movchan,Ivan
163,"PALIT RTX3090TI GAMEROCK 24G","VIDEO CARD",20221104115909,"2022-11-04 11:59:09",Tokar,Oksana
164,"DELL XPS15 (9560)",NOTEBOOK,20221104115909,"2022-11-04 11:59:09",Tokar,Oksana
165,"LENOVO CREATOR 5 / 82L6000EBM",NOTEBOOK,20221105080227,"2022-11-05 08:02:27",Savenko,Yana
166,"GB B550 AORUS PRO AC /AM4","MAIN BOARD",20221105080227,"2022-11-05 08:02:27",Savenko,Yana
167,"GB N308TGAMING OC-12GD","VIDEO CARD",20221105080227,"2022-11-05 08:02:27",Savenko,Yana
168,"ASROCK B650 PG LIGHTNING /AM5","MAIN BOARD",20221105080227,"2022-11-05 08:02:27",Savenko,Yana
169,"MSI GAMING CLUTCH GM08",MOUSE,20221106145123,"2022-11-06 14:51:23",Tarasyuk,Yukhym
170,"MSI RX6950XT GAMING X TRIO 16G","VIDEO CARD",20221107081502,"2022-11-07 08:15:02",Dudnyk,Ulyana
171,"GB N3090GAMING OC-24GD","VIDEO CARD",20221107081502,"2022-11-07 08:15:02",Dudnyk,Ulyana
172,"34 LENOVO G34W-10",MONITOR,20221107081502,"2022-11-07 08:15:02",Dudnyk,Ulyana
173,"ASROCK B650 PG LIGHTNING /AM5","MAIN BOARD",20221107081502,"2022-11-07 08:15:02",Dudnyk,Ulyana
174,"ASUS G22CH-7720W",Desktops,20221107081502,"2022-11-07 08:15:02",Dudnyk,Ulyana
175,"LENOVO LEGION T5 26/90RC01B6RM",Desktops,20221108085357,"2022-11-08 08:53:57",Bondarchuk,Iryna
176,HP-Compaq,NOTEBOOK,20221108085357,"2022-11-08 08:53:57",Bondarchuk,Iryna
177,"CANON MF-752CDW AIO CLR LASER",PRINTER,20221109102344,"2022-11-09 10:23:44",Kohut,Zynovij
178,"ASUS G15DK-21302",Desktops,20221109102344,"2022-11-09 10:23:44",Kohut,Zynovij
179,"ASUS ROG STRIX G35CA-WB7830W",Desktops,20221109102344,"2022-11-09 10:23:44",Kohut,Zynovij
180,"A4 X-705K 3-FIRE GAME OPT USB",MOUSE,20221109102344,"2022-11-09 10:23:44",Kohut,Zynovij
184,"MS ALL IN ONE MEDIA KB",KEYBOARD,20221111090355,"2022-11-11 09:03:55",Bojchuk,Lyubov
185,"8GB DDR5 5200 ADATA HUNTER",RAM,20221111090355,"2022-11-11 09:03:55",Bojchuk,Lyubov
186,"HP 285 MT G3",Desktops,20221111090355,"2022-11-11 09:03:55",Bojchuk,Lyubov
187,"AMD RYZEN 5 2400G",CPUs,20221111090355,"2022-11-11 09:03:55",Bojchuk,Lyubov
188,"ASUS W5000 WL KB+MOUSE WHITE",KEYBOARD,20221112093242,"2022-11-12 09:32:42",Vlasyuk,Stanislava
189,"ASUS G513RM-LN397",NOTEBOOK,20221113092817,"2022-11-13 09:28:17",Datsenko,Yuliya
190,"MS WL MOBILE MOUSE 1850 BLACK",MOUSE,20221113092817,"2022-11-13 09:28:17",Datsenko,Yuliya
191,"MS WL MOBILE MOUSE 1850 BLACK",MOUSE,20221114092513,"2022-11-14 09:25:13",Rudenko,Rostyslav
192,"ASUS G35DX-21202W",Desktops,20221114092513,"2022-11-14 09:25:13",Rudenko,Rostyslav
193,"GB B550 AORUS PRO AC /AM4","MAIN BOARD",20221114092513,"2022-11-14 09:25:13",Rudenko,Rostyslav
194,"27 GB G27Q-EK",MONITOR,20221115143633,"2022-11-15 14:36:33",Morhun,Yevheniya
195,"LENOVO LEGION T5 26/90RC01B6RM",Desktops,20221115143633,"2022-11-15 14:36:33",Morhun,Yevheniya
196,"MS WIRELESS DESKTOP 850 AES",KEYBOARD,20221116092459,"2022-11-16 09:24:59",Shirman,Artem
197,"LOGITECH MK330 WL DESKTOP BK",KEYBOARD,20221117082845,"2022-11-17 08:28:45",Tarasyuk,Yukhym
198,"ACER AMR514 RF2.4 WL OPTICAL",MOUSE,20221117082845,"2022-11-17 08:28:45",Tarasyuk,Yukhym
199,"A4 PK-930HA 1080P","WEB CAMERA",20221117082845,"2022-11-17 08:28:45",Tarasyuk,Yukhym
200,"HP pavilion",NOTEBOOK,20221117082845,"2022-11-17 08:28:45",Tarasyuk,Yukhym
201,"ASUS ROG STRIX G35CA-WB7830W",Desktops,20221118093805,"2022-11-18 09:38:05",Tarasyuk,Yukhym
202,"LENOVO WL DESKTOP 510 BLACK",KEYBOARD,20221118093805,"2022-11-18 09:38:05",Tarasyuk,Yukhym
203,"REP EXT CAMERA CASE TH-500","WEB CAMERA",20221118093805,"2022-11-18 09:38:05",Tarasyuk,Yukhym
204,"DELL VOSTRO 3668",Desktops,20221118093805,"2022-11-18 09:38:05",Tarasyuk,Yukhym
205,"ASUS ROG STRIX B560-A GAMIN WF","MAIN BOARD",20221119140200,"2022-11-19 14:02:00",Romanenko,Vsevolod
206,"ASUS NC05 TUF GAMING P3 PAD",MOUSE,20221120123719,"2022-11-20 12:37:19",Savenko,Yana
207,"ASUS G15CF-WB7636",Desktops,20221121114007,"2022-11-21 11:40:07",Valenyuk,Volodymyr
208,"16G DDR4 2666 ADATA",RAM,20221122084227,"2022-11-22 08:42:27",Kramarenko,Artur
209,"DELL XPS15 (9560)",NOTEBOOK,20221122084227,"2022-11-22 08:42:27",Kramarenko,Artur
210,"ASUS G15CF-WB5720W",Desktops,20221122084227,"2022-11-22 08:42:27",Kramarenko,Artur
211,"ASUS G15DK-WB7620",Desktops,20221123080527,"2022-11-23 08:05:27",Kysil,Yana
212,"LOGITECH M185 WL / RED",MOUSE,20221123080527,"2022-11-23 08:05:27",Kysil,Yana
213,"LOGITECH MK330 WL DESKTOP BK",KEYBOARD,20221123080527,"2022-11-23 08:05:27",Kysil,Yana
214,"ASUS ROG STRIX B560-G GAMIN WF","MAIN BOARD",20221123080527,"2022-11-23 08:05:27",Kysil,Yana
215,"GB N308TGAMING OC-12GD","VIDEO CARD",20221124080423,"2022-11-24 08:04:23",Romanenko,Vsevolod
216,"GB R69XTGAMING OC-16GD","VIDEO CARD",20221124080423,"2022-11-24 08:04:23",Romanenko,Vsevolod
217,"Intel Core i5 9600K",CPUs,20221124080423,"2022-11-24 08:04:23",Romanenko,Vsevolod
218,"MSI 32 OPTIX MAG322CQR",MONITOR,20221125134853,"2022-11-25 13:48:53",Kalinichenko,Eduard
219,"LOGITECH HD PRO WEBCAM C920","WEB CAMERA",20221125134853,"2022-11-25 13:48:53",Kalinichenko,Eduard
220,"ASUS B5602CBN-OLED-UI74D0X",NOTEBOOK,20221125134853,"2022-11-25 13:48:53",Kalinichenko,Eduard
221,"MSI RX6950XT GAMING X TRIO 16G","VIDEO CARD",20221126081608,"2022-11-26 08:16:08",Yakymenko,Danylo
222,"GB R69XTGAMING OC-16GD","VIDEO CARD",20221126081608,"2022-11-26 08:16:08",Yakymenko,Danylo
223,"CANON MF-752CDW AIO CLR LASER",PRINTER,20221126081608,"2022-11-26 08:16:08",Yakymenko,Danylo
224,"ACER PREDATOR GAME PAD 711",MOUSE,20221126081608,"2022-11-26 08:16:08",Yakymenko,Danylo
225,"LENOVO YOGA 7 14 / 82QF003QBM",NOTEBOOK,20221126081608,"2022-11-26 08:16:08",Yakymenko,Danylo
226,"TENDA K4W-3TC 4CH WL HD VIDEO","WEB CAMERA",20221126081608,"2022-11-26 08:16:08",Yakymenko,Danylo
227,"PALIT RTX3090TI GAMEROCK 24G","VIDEO CARD",20221127090845,"2022-11-27 09:08:45",Movchan,Ivan
228,"LENOVO YOGA 7 14 / 82QF003QBM",NOTEBOOK,20221127090845,"2022-11-27 09:08:45",Movchan,Ivan
236,"8G DDR4 2666 KINGSTON",RAM,20221129082457,"2022-11-29 08:24:57",Didyk,Yuliya
237,"ASUS G15DK-WB7620",Desktops,20221129082457,"2022-11-29 08:24:57",Didyk,Yuliya
238,"ACER 34 CB342CKCSMIIPHUZX",MONITOR,20221130135643,"2022-11-30 13:56:43",Petruk,Valentyna
239,"DELL VOSTRO 3668",Desktops,20221201095932,"2022-12-01 09:59:32",Kravchenko,Myroslav
240,"27 GB G27Q-EK",MONITOR,20221201095932,"2022-12-01 09:59:32",Kravchenko,Myroslav
241,"LOGITECH MK330 WL DESKTOP BK",KEYBOARD,20221201095932,"2022-12-01 09:59:32",Kravchenko,Myroslav
242,"OMEGA KB-805 MECH USB GAMING",KEYBOARD,20221201095932,"2022-12-01 09:59:32",Kravchenko,Myroslav
243,"LENOVO LEGION T5 26/90RC01B5RM",Desktops,20221202105037,"2022-12-02 10:50:37",Ihnatenko,Olha
244,"GB R695XTGAMING OC-16GD","VIDEO CARD",20221203121755,"2022-12-03 12:17:55",Kravchuk,Larysa
245,"THREADRIPPER 2920X",CPUs,20221203121755,"2022-12-03 12:17:55",Kravchuk,Larysa
246,"GB R69XTGAMING OC-16GD","VIDEO CARD",20221203121755,"2022-12-03 12:17:55",Kravchuk,Larysa
247,"LENOVO CREATOR 5 / 82L6000EBM",NOTEBOOK,20221204110626,"2022-12-04 11:06:26",Petruk,Oleksandra
248,"GB N308TGAMING OC-12GD","VIDEO CARD",20221204110626,"2022-12-04 11:06:26",Petruk,Oleksandra
249,"16G DDR4 2666 ADATA",RAM,20221205121237,"2022-12-05 12:12:37",Tarasyuk,Yukhym
250,"MSI MAG Z490 TOMAHAWK /LGA1200","MAIN BOARD",20221205121237,"2022-12-05 12:12:37",Tarasyuk,Yukhym
253,"ASROCK B650 PG LIGHTNING /AM5","MAIN BOARD",20221207085637,"2022-12-07 08:56:37",Kysil,Yana
254,"ASUS 23.8 PROART PA248Q",MONITOR,20221207085637,"2022-12-07 08:56:37",Kysil,Yana
255,"ASUS G15CF-WB7636",Desktops,20221207085637,"2022-12-07 08:56:37",Kysil,Yana
256,"8G DDR4 2666 KINGSTON",RAM,20221207085637,"2022-12-07 08:56:37",Kysil,Yana
257,"HP pavilion",NOTEBOOK,20221208102938,"2022-12-08 10:29:38",Demydenko,Andrij
258,"4G DDR4 3200 KINGST FURY BEAST",RAM,20221208102938,"2022-12-08 10:29:38",Demydenko,Andrij
259,"ACER 34 CB342CKCSMIIPHUZX",MONITOR,20221209163708,"2022-12-09 16:37:08",Valenyuk,Volodymyr
260,"ASUS G35DX-21202W",Desktops,20221211093930,"2022-12-11 09:39:30",Olijnyk,Roman
261,"MSI 32 OPTIX MAG322CQR",MONITOR,20221211093930,"2022-12-11 09:39:30",Olijnyk,Roman
262,"THREADRIPPER 2920X",CPUs,20221211093930,"2022-12-11 09:39:30",Olijnyk,Roman
263,"ASUS B5602CBN-OLED-UI74D0X",NOTEBOOK,20221212090437,"2022-12-12 09:04:37",Tarasyuk,Kseniya
264,"LOGITECH HD PRO WEBCAM C920","WEB CAMERA",20221212090437,"2022-12-12 09:04:37",Tarasyuk,Kseniya
265,"LENOVO LEGION T5 26/90RC01B6RM",Desktops,20221213124544,"2022-12-13 12:45:44",Havrylyuk,Rostyslav
266,"THREADRIPPER 2920X",CPUs,20221216091652,"2022-12-16 09:16:52",Kondratyuk,Zynovij
267,"CANON MF-752CDW AIO CLR LASER",PRINTER,20221216091652,"2022-12-16 09:16:52",Kondratyuk,Zynovij
268,"Intel Core i9 9900K",CPUs,20221216091652,"2022-12-16 09:16:52",Kondratyuk,Zynovij
269,"Intel Core i9 9900K",CPUs,20221217095904,"2022-12-17 09:59:04",Kravets,Zhanna
270,"ACER AN515-57-74E6 NITRO 5",NOTEBOOK,20221217095904,"2022-12-17 09:59:04",Kravets,Zhanna
271,"CM DEVASTATOR II BLU LED DESKT",KEYBOARD,20221218120730,"2022-12-18 12:07:30",Petruk,Valentyna
272,"CANON MF-461DW AIO LASER",PRINTER,20221218120730,"2022-12-18 12:07:30",Petruk,Valentyna
273,"LENOVO CREATOR 5 / 82L6000EBM",NOTEBOOK,20221219120810,"2022-12-19 12:08:10",Demydenko,Andrij
274,"LOGITECH M185 WL / RED",MOUSE,20221220091814,"2022-12-20 09:18:14",Ponomarenko,Anzhela
275,"DELL XPS15 (9560)",NOTEBOOK,20221220091814,"2022-12-20 09:18:14",Ponomarenko,Anzhela
276,"HP 285 MT G3",Desktops,20221220091814,"2022-12-20 09:18:14",Ponomarenko,Anzhela
277,"4G DDR4 2666 ADATA",RAM,20221220091814,"2022-12-20 09:18:14",Ponomarenko,Anzhela
278,"ASUS W5000 WL KB+MOUSE WHITE",KEYBOARD,20221221082948,"2022-12-21 08:29:48",Shynkarenko,Serhij
279,"CANON MF-461DW AIO LASER",PRINTER,20221221082948,"2022-12-21 08:29:48",Shynkarenko,Serhij
280,"MSI SUMMIT E14 FLIP A12MT 093",NOTEBOOK,20221222160400,"2022-12-22 16:04:00",Leshchenko,Serhij
281,"ASUS NC05 TUF GAMING P3 PAD",MOUSE,20221222160400,"2022-12-22 16:04:00",Leshchenko,Serhij
282,"ACER 34 CB342CKCSMIIPHUZX",MONITOR,20221223095737,"2022-12-23 09:57:37",Yevtushenko,Hanna
283,"8GB DDR3 1600 TEAM ELITE",RAM,20221223095737,"2022-12-23 09:57:37",Yevtushenko,Hanna
284,"8GB DDR3 1600 TEAM ELITE",RAM,20221223095737,"2022-12-23 09:57:37",Yevtushenko,Hanna
285,"27 GB G27Q-EK",MONITOR,20221224101939,"2022-12-24 10:19:39",Shevchenko,Mykyta
286,"CM DEVASTATOR II BLU LED DESKT",KEYBOARD,20221224101939,"2022-12-24 10:19:39",Shevchenko,Mykyta
287,"MSI RTX3080TI VENTUS 3X 12G OC","VIDEO CARD",20221225083835,"2022-12-25 08:38:35",Velychko,Anastasiya
288,"MSI RTX3080 VENT3X PLUS 12 OC","VIDEO CARD",20221225083835,"2022-12-25 08:38:35",Velychko,Anastasiya
289,"CANON MF-752CDW AIO CLR LASER",PRINTER,20221225083835,"2022-12-25 08:38:35",Velychko,Anastasiya
290,"CM DEVASTATOR II BLU LED DESKT",KEYBOARD,20221225083835,"2022-12-25 08:38:35",Velychko,Anastasiya
291,"MSI 32 OPTIX G32CQ4 VA CURVED",MONITOR,20221225083835,"2022-12-25 08:38:35",Velychko,Anastasiya
294,"THREADRIPPER 2970X",CPUs,20221227152900,"2022-12-27 15:29:00",Didyk,Yuliya
295,"CANON MF-461DW AIO LASER",PRINTER,20221228114228,"2022-12-28 11:42:28",Serdyuk,Tayisiya
296,"LOGITECH MK330 WL DESKTOP BK",KEYBOARD,20221228114228,"2022-12-28 11:42:28",Serdyuk,Tayisiya
297,"MSI KATANA 17 B12VFK-204BG",NOTEBOOK,20221228114228,"2022-12-28 11:42:28",Serdyuk,Tayisiya
298,"MS WIRELESS DESKTOP 850 AES",KEYBOARD,20221229085643,"2022-12-29 08:56:43",Sayenko,Ulyana
299,"LOGITECH HD PRO WEBCAM C920","WEB CAMERA",20221229085643,"2022-12-29 08:56:43",Sayenko,Ulyana
300,"DELL XPS15 (9560)",NOTEBOOK,20221229085643,"2022-12-29 08:56:43",Sayenko,Ulyana
301,"REP EXT CAMERA CASE TH-500","WEB CAMERA",20221230163731,"2022-12-30 16:37:31",Yatsenko,Antonina
302,"ACER AMR514 RF2.4 WL OPTICAL",MOUSE,20221231103940,"2022-12-31 10:39:40",Ilchenko,Tamara
303,"LENOVO LEGIOIN K300 RGB",KEYBOARD,20221231103940,"2022-12-31 10:39:40",Ilchenko,Tamara
304,"ACER 34 CB342CKCSMIIPHUZX",MONITOR,20230101102853,"2023-01-01 10:28:53",Kravchenko,Myroslav
305,"GW RTX3080TI PHANTOM 12G","VIDEO CARD",20230101102853,"2023-01-01 10:28:53",Kravchenko,Myroslav
306,"HP 285 MT G3",Desktops,20230101102853,"2023-01-01 10:28:53",Kravchenko,Myroslav
307,"LENOVO 300 FHD W/MIC","WEB CAMERA",20230101102853,"2023-01-01 10:28:53",Kravchenko,Myroslav
308,"MSI SUMMIT E14 FLIP A12MT 093",NOTEBOOK,20230102080948,"2023-01-02 08:09:48",Fesenko,Svitlana
309,"HP pavilion",NOTEBOOK,20230102080948,"2023-01-02 08:09:48",Fesenko,Svitlana
310,"LENOVO LEGION T7 34/90S2005YRM",Desktops,20230102080948,"2023-01-02 08:09:48",Fesenko,Svitlana
312,"LENOVO LEGION T5 26/90RC01B5RM",Desktops,20230104084729,"2023-01-04 08:47:29",Fesenko,Svitlana
313,"GB R695XTGAMING OC-16GD","VIDEO CARD",20230104084729,"2023-01-04 08:47:29",Fesenko,Svitlana
314,"MSI SUMMIT E14 FLIP A12MT 093",NOTEBOOK,20230104084729,"2023-01-04 08:47:29",Fesenko,Svitlana
315,"Dell Vostro 5471",NOTEBOOK,20230104084729,"2023-01-04 08:47:29",Fesenko,Svitlana
316,"GB Z690 UD /LGA1700","MAIN BOARD",20230104084729,"2023-01-04 08:47:29",Fesenko,Svitlana
317,"A4 PK-930HA 1080P","WEB CAMERA",20230104084729,"2023-01-04 08:47:29",Fesenko,Svitlana
318,"GB R695XTGAMING OC-16GD","VIDEO CARD",20230104084729,"2023-01-04 08:47:29",Fesenko,Svitlana
319,"ACER PREDATOR GAME PAD 711",MOUSE,20230105130740,"2023-01-05 13:07:40",Rudenko,Rostyslav
320,"A4 X-705K 3-FIRE GAME OPT USB",MOUSE,20230105130740,"2023-01-05 13:07:40",Rudenko,Rostyslav
321,"ASROCK B550 PHANTOM GAM-ITX/AX","MAIN BOARD",20230106080232,"2023-01-06 08:02:32",Fesenko,Kyrylo
322,"MSI 32 OPTIX MAG322CQR",MONITOR,20230106080232,"2023-01-06 08:02:32",Fesenko,Kyrylo
323,"MSI PRO Z690-A DDR4 /LGA1700","MAIN BOARD",20230107094704,"2023-01-07 09:47:04",Movchan,Dmytro
324,"ASUS ROG STRIX B560-A GAMIN WF","MAIN BOARD",20230107094704,"2023-01-07 09:47:04",Movchan,Dmytro
325,"MSI KATANA 17 B12VFK-204BG",NOTEBOOK,20230108082225,"2023-01-08 08:22:25",Ilchenko,Tamara
326,"Dell Vostro 5471",NOTEBOOK,20230108082225,"2023-01-08 08:22:25",Ilchenko,Tamara
327,"MSI KATANA 17 B12VFK-204BG",NOTEBOOK,20230108082225,"2023-01-08 08:22:25",Ilchenko,Tamara
328,"CANON MF-461DW AIO LASER",PRINTER,20230108082225,"2023-01-08 08:22:25",Ilchenko,Tamara
329,"PALIT RTX3080TI GAMEROCK 12G","VIDEO CARD",20230109102730,"2023-01-09 10:27:30",Leshchenko,Serhij
330,"MSI PRO Z690-A DDR4 /LGA1700","MAIN BOARD",20230109102730,"2023-01-09 10:27:30",Leshchenko,Serhij
331,"MSI RTX3080TI VENTUS 3X 12G OC","VIDEO CARD",20230110100054,"2023-01-10 10:00:54",Solovej,Taras
332,"8GB DDR5 4800 KINGSTON",RAM,20230110100054,"2023-01-10 10:00:54",Solovej,Taras
333,"LOGITECH MK330 WL DESKTOP BK",KEYBOARD,20230110100054,"2023-01-10 10:00:54",Solovej,Taras
334,"CANON MF-752CDW AIO CLR LASER",PRINTER,20230110100054,"2023-01-10 10:00:54",Solovej,Taras
335,"NOKIA 43 SMART TV 4300B FHD",MONITOR,20230111091748,"2023-01-11 09:17:48",Leshchenko,Serhij
336,"OMEGA KB-805 MECH USB GAMING",KEYBOARD,20230112093456,"2023-01-12 09:34:56",Velychko,Anastasiya
337,"ASUS G15CF-WB5720W",Desktops,20230112093456,"2023-01-12 09:34:56",Velychko,Anastasiya
338,"GB B550 AORUS PRO AC /AM4","MAIN BOARD",20230112093456,"2023-01-12 09:34:56",Velychko,Anastasiya
339,"MSI RTX3080 VENT3X PLUS 12 OC","VIDEO CARD",20230112093456,"2023-01-12 09:34:56",Velychko,Anastasiya
340,"4G DDR4 3200 KINGST FURY BEAST",RAM,20230112093456,"2023-01-12 09:34:56",Velychko,Anastasiya
343,"A4 B500N BLOODY GRAY",KEYBOARD,20230114102800,"2023-01-14 10:28:00",Kohut,Zynovij
344,"ASUS 23.8 PROART PA248Q",MONITOR,20230114102800,"2023-01-14 10:28:00",Kohut,Zynovij
345,"ASUS G15DK-21302",Desktops,20230115085946,"2023-01-15 08:59:46",Kondratyuk,Orest
346,"TENDA K4W-3TC 4CH WL HD VIDEO","WEB CAMERA",20230115085946,"2023-01-15 08:59:46",Kondratyuk,Orest
347,"MS ALL IN ONE MEDIA KB",KEYBOARD,20230116091324,"2023-01-16 09:13:24",Kravchuk,Larysa
348,"ACER PREDATOR GAME PAD 711",MOUSE,20230117095246,"2023-01-17 09:52:46",Holovko,Denys
349,"LOGITECH M105 /USB/BLACK",MOUSE,20230117095246,"2023-01-17 09:52:46",Holovko,Denys
350,"8GB DDR5 4800 KINGSTON",RAM,20230117095246,"2023-01-17 09:52:46",Holovko,Denys
351,"LOGITECH M105 /USB/BLACK",MOUSE,20230117095246,"2023-01-17 09:52:46",Holovko,Denys
352,"OMEGA CMM293RD /7D /BLACK-RED",MOUSE,20230120103303,"2023-01-20 10:33:03",Kalinichenko,Eduard
353,"MSI RX6950XT GAMING X TRIO 16G","VIDEO CARD",20230120103303,"2023-01-20 10:33:03",Kalinichenko,Eduard
354,"NOKIA 43 SMART TV 4300A 4K",MONITOR,20230121085140,"2023-01-21 08:51:40",Kosenko,Mykyta
355,"GB N308TGAMING OC-12GD","VIDEO CARD",20230121085140,"2023-01-21 08:51:40",Kosenko,Mykyta
356,"8G DDR4 3200 ADATA",RAM,20230122085029,"2023-01-22 08:50:29",Gorin,Oksana
357,"8GB DDR5 5200 ADATA HUNTER",RAM,20230122085029,"2023-01-22 08:50:29",Gorin,Oksana
358,"8GB DDR5 5200 ADATA HUNTER",RAM,20230122085029,"2023-01-22 08:50:29",Gorin,Oksana
359,"ASUS W5000 WL KB+MOUSE WHITE",KEYBOARD,20230124080430,"2023-01-24 08:04:30",Demydenko,Andrij
360,"ASUS B5602CBN-OLED-UI74D0X",NOTEBOOK,20230124080430,"2023-01-24 08:04:30",Demydenko,Andrij
361,"Intel Core i9 9900K",CPUs,20230125123428,"2023-01-25 12:34:28",Morhun,Yevheniya
362,"LENOVO LEGION T5 26/90RC01B5RM",Desktops,20230126084739,"2023-01-26 08:47:39",Bondarchuk,Iryna
363,"MSI RX6950XT GAMING X TRIO 16G","VIDEO CARD",20230126084739,"2023-01-26 08:47:39",Bondarchuk,Iryna
364,"8G DDR4 3200 ADATA",RAM,20230127115130,"2023-01-27 11:51:30",Kondratyuk,Orest
365,"GB R69XTGAMING OC-16GD","VIDEO CARD",20230127115130,"2023-01-27 11:51:30",Kondratyuk,Orest
366,"ASUS ROG STRIX G35CA-WB7830W",Desktops,20230127115130,"2023-01-27 11:51:30",Kondratyuk,Orest
367,"ASUS G35DX-21202W",Desktops,20230127115130,"2023-01-27 11:51:30",Kondratyuk,Orest
368,"8GB DDR5 4800 KINGSTON",RAM,20230127115130,"2023-01-27 11:51:30",Kondratyuk,Orest
369,"MSI MAG Z490 TOMAHAWK /LGA1200","MAIN BOARD",20230128082400,"2023-01-28 08:24:00",Kobzar,Myroslava
370,"A4 B318 BLOODY LIGHT STRIKE BK",KEYBOARD,20230128082400,"2023-01-28 08:24:00",Kobzar,Myroslava
371,"LOGITECH HD PRO WEBCAM C920","WEB CAMERA",20230128082400,"2023-01-28 08:24:00",Kobzar,Myroslava
372,"ASUS B5602CBN-OLED-UI74D0X",NOTEBOOK,20230129154928,"2023-01-29 15:49:28",Balko,Yeva
373,"ASUS G35DX-21202W",Desktops,20230131161140,"2023-01-31 16:11:40",Balko,Yeva
374,"PALIT RTX3090TI GAMEROCK 24G","VIDEO CARD",20230131161140,"2023-01-31 16:11:40",Balko,Yeva
375,"CANON MF-752CDW AIO CLR LASER",PRINTER,20230201094338,"2023-02-01 09:43:38",Demchuk,Tamara
376,"GB R69XTGAMING OC-16GD","VIDEO CARD",20230201094338,"2023-02-01 09:43:38",Demchuk,Tamara
377,"REP EXT CAMERA CASE TH-500","WEB CAMERA",20230201094338,"2023-02-01 09:43:38",Demchuk,Tamara
378,"GB N3090GAMING OC-24GD","VIDEO CARD",20230201094338,"2023-02-01 09:43:38",Demchuk,Tamara
379,"4G DDR3 1600 TEAM ELITE",RAM,20230202120247,"2023-02-02 12:02:47",Kohut,Zynovij
380,"A4 B500N BLOODY GRAY",KEYBOARD,20230203082836,"2023-02-03 08:28:36",Kravchuk,Lyubov
381,"Dell Vostro 5471",NOTEBOOK,20230203082836,"2023-02-03 08:28:36",Kravchuk,Lyubov
382,"LENOVO WL DESKTOP 510 BLACK",KEYBOARD,20230203082836,"2023-02-03 08:28:36",Kravchuk,Lyubov
383,"ASUS G15DK-WB7620",Desktops,20230203082836,"2023-02-03 08:28:36",Kravchuk,Lyubov
384,"ASUS B5602CBN-OLED-UI74D0X",NOTEBOOK,20230203082836,"2023-02-03 08:28:36",Kravchuk,Lyubov
385,"Dell OptiPlex 7060 SFF",Desktops,20230204081831,"2023-02-04 08:18:31",Lebid,Nina
386,"LOGITECH M105 /USB/BLACK",MOUSE,20230204081831,"2023-02-04 08:18:31",Lebid,Nina
387,"ASUS G35DX-21202W",Desktops,20230204081831,"2023-02-04 08:18:31",Lebid,Nina
388,"ASUS G22CH-7720W",Desktops,20230205080833,"2023-02-05 08:08:33",Dudnyk,Ulyana
389,"8G DDR4 2666 KINGSTON",RAM,20230205080833,"2023-02-05 08:08:33",Dudnyk,Ulyana
390,"NOKIA 43 SMART TV 4300B FHD",MONITOR,20230205080833,"2023-02-05 08:08:33",Dudnyk,Ulyana
391,"A4 X-705K 3-FIRE GAME OPT USB",MOUSE,20230206150923,"2023-02-06 15:09:23",Savenko,Yana
392,"8G DDR4 2666 KINGSTON",RAM,20230207142655,"2023-02-07 14:26:55",Tarasyuk,Kseniya
393,"A4 B500N BLOODY GRAY",KEYBOARD,20230207142655,"2023-02-07 14:26:55",Tarasyuk,Kseniya
394,"CANON MF-752CDW AIO CLR LASER",PRINTER,20230207142655,"2023-02-07 14:26:55",Tarasyuk,Kseniya
395,"ASUS ROG STRIX B560-A GAMIN WF","MAIN BOARD",20230208094200,"2023-02-08 09:42:00",Kolisnyk,Oksana
396,"MSI RTX3080TI VENTUS 3X 12G OC","VIDEO CARD",20230208094200,"2023-02-08 09:42:00",Kolisnyk,Oksana
397,"ASUS G22CH-7720W",Desktops,20230208094200,"2023-02-08 09:42:00",Kolisnyk,Oksana
398,"Intel Core i9 9900K",CPUs,20230211093131,"2023-02-11 09:31:31",Buryak,Heorhij
399,"CM DEVASTATOR II BLU LED DESKT",KEYBOARD,20230211093131,"2023-02-11 09:31:31",Buryak,Heorhij
400,"MSI KATANA 17 B12VFK-204BG",NOTEBOOK,20230212140457,"2023-02-12 14:04:57",Chernyak,Vsevolod
401,"MSI RTX3080TI VENTUS 3X 12G OC","VIDEO CARD",20230212140457,"2023-02-12 14:04:57",Chernyak,Vsevolod
402,"LENOVO V520 TWR",Desktops,20230213083301,"2023-02-13 08:33:01",Kalinichenko,Eduard
403,"MSI RX6950XT GAMING X TRIO 16G","VIDEO CARD",20230213083301,"2023-02-13 08:33:01",Kalinichenko,Eduard
404,"27 LG 27UP850-W",MONITOR,20230213083301,"2023-02-13 08:33:01",Kalinichenko,Eduard
405,"LOGITECH M105 /USB/BLACK",MOUSE,20230215093002,"2023-02-15 09:30:02",Tarasyuk,Kseniya
406,"MSI RTX3080TI VENTUS 3X 12G OC","VIDEO CARD",20230215093002,"2023-02-15 09:30:02",Tarasyuk,Kseniya
409,"ACER AMR514 RF2.4 WL OPTICAL",MOUSE,20230217121250,"2023-02-17 12:12:50",Naumenko,Afanasij
410,"ASROCK B650 PG LIGHTNING /AM5","MAIN BOARD",20230217121250,"2023-02-17 12:12:50",Naumenko,Afanasij
411,"DELL VOSTRO 3668",Desktops,20230217121250,"2023-02-17 12:12:50",Naumenko,Afanasij
412,"CANON MF-752CDW AIO CLR LASER",PRINTER,20230218091837,"2023-02-18 09:18:37",Nazarenko,Yuliya
413,"LOGITECH M185 WL / RED",MOUSE,20230218091837,"2023-02-18 09:18:37",Nazarenko,Yuliya
414,"ACER AMR514 RF2.4 WL OPTICAL",MOUSE,20230218091837,"2023-02-18 09:18:37",Nazarenko,Yuliya
415,"LENOVO V520 TWR",Desktops,20230218091837,"2023-02-18 09:18:37",Nazarenko,Yuliya
416,"PALIT RTX3080TI GAMEROCK 12G","VIDEO CARD",20230219110144,"2023-02-19 11:01:44",Martynenko,Nina
417,"LENOVO LEGION T5 26/90RC01B5RM",Desktops,20230219110144,"2023-02-19 11:01:44",Martynenko,Nina
418,"Intel Core i5 9600K",CPUs,20230221115150,"2023-02-21 11:51:50",Demchuk,Tamara
419,"ASUS NC05 TUF GAMING P3 PAD",MOUSE,20230221115150,"2023-02-21 11:51:50",Demchuk,Tamara
420,"16G DDR4 2666 ADATA",RAM,20230221115150,"2023-02-21 11:51:50",Demchuk,Tamara
421,"CANON MF-463DW AIO LASER",PRINTER,20230221115150,"2023-02-21 11:51:50",Demchuk,Tamara
422,"8G DDR4 2666 KINGSTON",RAM,20230221115150,"2023-02-21 11:51:50",Demchuk,Tamara
423,"ASUS G22CH-7720W",Desktops,20230222103047,"2023-02-22 10:30:47",Leshchenko,Serhij
424,"ASUS G15DK-21302",Desktops,20230222103047,"2023-02-22 10:30:47",Leshchenko,Serhij
425,"ACER 34 CB342CKCSMIIPHUZX",MONITOR,20230223094246,"2023-02-23 09:42:46",Horban,Yurij
426,"ASUS G513RM-LN397",NOTEBOOK,20230223094246,"2023-02-23 09:42:46",Horban,Yurij
427,"ASUS 23.8 PROART PA248Q",MONITOR,20230223094246,"2023-02-23 09:42:46",Horban,Yurij
428,"MSI 32 OPTIX G32CQ4 VA CURVED",MONITOR,20230223094246,"2023-02-23 09:42:46",Horban,Yurij
429,"ASUS 31.5 TUF GAMING VG32VQ1BR",MONITOR,20230225165417,"2023-02-25 16:54:17",Valenyuk,Roman
430,"CANON MF-461DW AIO LASER",PRINTER,20230226091819,"2023-02-26 09:18:19",Datsenko,Yuliya
431,"GB N308TGAMING OC-12GD","VIDEO CARD",20230226091819,"2023-02-26 09:18:19",Datsenko,Yuliya
432,"MSI RTX3080 VENT3X PLUS 12 OC","VIDEO CARD",20230226091819,"2023-02-26 09:18:19",Datsenko,Yuliya
433,"MSI GAMING CLUTCH GM08",MOUSE,20230227101742,"2023-02-27 10:17:42",Demchuk,Tamara
434,"MSI 32 OPTIX G32CQ4 VA CURVED",MONITOR,20230227101742,"2023-02-27 10:17:42",Demchuk,Tamara
435,"8G DDR4 2666 KINGSTON",RAM,20230227101742,"2023-02-27 10:17:42",Demchuk,Tamara
437,"LENOVO V520 TWR",Desktops,20230301112636,"2023-03-01 11:26:36",Petruk,Valentyna
438,"LENOVO V520 TWR",Desktops,20230301112636,"2023-03-01 11:26:36",Petruk,Valentyna
439,"DELL VOSTRO 3668",Desktops,20230303082405,"2023-03-03 08:24:05",Shirman,Eduard
440,"ASUS G35DX-21202W",Desktops,20230303082405,"2023-03-03 08:24:05",Shirman,Eduard
441,"ASUS NC05 TUF GAMING P3 PAD",MOUSE,20230303082405,"2023-03-03 08:24:05",Shirman,Eduard
442,"CANON MF-461DW AIO LASER",PRINTER,20230304085525,"2023-03-04 08:55:25",Kolisnyk,Rostyslav
443,"MSI KATANA 17 B12VFK-204BG",NOTEBOOK,20230304085525,"2023-03-04 08:55:25",Kolisnyk,Rostyslav
444,"ASUS ROG STRIX B560-A GAMIN WF","MAIN BOARD",20230305135650,"2023-03-05 13:56:50",Dudnyk,Ulyana
445,"GW RTX3080TI PHANTOM 12G","VIDEO CARD",20230305135650,"2023-03-05 13:56:50",Dudnyk,Ulyana
446,"8GB DDR5 4800 KINGSTON",RAM,20230306113208,"2023-03-06 11:32:08",Vlasyuk,Stanislava
447,"ASUS NC05 TUF GAMING P3 PAD",MOUSE,20230306113208,"2023-03-06 11:32:08",Vlasyuk,Stanislava
448,"4G DDR4 3200 KINGST FURY BEAST",RAM,20230307110043,"2023-03-07 11:00:43",Naumenko,Yevhen
449,"ASUS G15DK-WB7620",Desktops,20230307110043,"2023-03-07 11:00:43",Naumenko,Yevhen
450,"NOKIA 43 SMART TV 4300A 4K",MONITOR,20230307110043,"2023-03-07 11:00:43",Naumenko,Yevhen
451,"MSI KATANA 17 B12VFK-204BG",NOTEBOOK,20230307110043,"2023-03-07 11:00:43",Naumenko,Yevhen
452,"4G DDR4 3200 KINGST FURY BEAST",RAM,20230307110043,"2023-03-07 11:00:43",Naumenko,Yevhen
453,"ASUS ROG STRIX B560-A GAMIN WF","MAIN BOARD",20230308094818,"2023-03-08 09:48:18",Mazurenko,Yurij
454,"ASUS ROG STRIX B560-A GAMIN WF","MAIN BOARD",20230308094818,"2023-03-08 09:48:18",Mazurenko,Yurij
455,"ASUS ROG STRIX B560-G GAMIN WF","MAIN BOARD",20230308094818,"2023-03-08 09:48:18",Mazurenko,Yurij
456,"MS ALL IN ONE MEDIA KB",KEYBOARD,20230310112732,"2023-03-10 11:27:32",Kosenko,Mykyta
457,"DELL VOSTRO 3668",Desktops,20230310112732,"2023-03-10 11:27:32",Kosenko,Mykyta
458,"LENOVO LEGIOIN K300 RGB",KEYBOARD,20230310112732,"2023-03-10 11:27:32",Kosenko,Mykyta
459,"8G DDR4 3200 ADATA",RAM,20230311080909,"2023-03-11 08:09:09",Kosenko,Mykyta
460,"4G DDR4 2666 ADATA",RAM,20230311080909,"2023-03-11 08:09:09",Kosenko,Mykyta
461,"LENOVO V520 TWR",Desktops,20230312090442,"2023-03-12 09:04:42",Ponomarenko,Anzhela
462,"MSI RTX3080 VENT3X PLUS 12 OC","VIDEO CARD",20230312090442,"2023-03-12 09:04:42",Ponomarenko,Anzhela
463,"MS WL MOBILE MOUSE 1850 BLACK",MOUSE,20230312090442,"2023-03-12 09:04:42",Ponomarenko,Anzhela
464,"MSI RTX3080TI VENTUS 3X 12G OC","VIDEO CARD",20230312090442,"2023-03-12 09:04:42",Ponomarenko,Anzhela
465,"HP 285 MT G3",Desktops,20230312090442,"2023-03-12 09:04:42",Ponomarenko,Anzhela
466,"OMEGA CMM293RD /7D /BLACK-RED",MOUSE,20230313111207,"2023-03-13 11:12:07",Ilchenko,Tamara
467,"LOGITECH MK330 WL DESKTOP BK",KEYBOARD,20230313111207,"2023-03-13 11:12:07",Ilchenko,Tamara
468,"GB N308TGAMING OC-12GD","VIDEO CARD",20230313111207,"2023-03-13 11:12:07",Ilchenko,Tamara
469,"CANON MF-461DW AIO LASER",PRINTER,20230314143737,"2023-03-14 14:37:37",Kulish,Yevheniya
470,"LOGITECH M185 WL / RED",MOUSE,20230314143737,"2023-03-14 14:37:37",Kulish,Yevheniya
471,"ASUS G15DK-WB7620",Desktops,20230314143737,"2023-03-14 14:37:37",Kulish,Yevheniya
472,"ASUS 23.8 PROART PA248Q",MONITOR,20230315091032,"2023-03-15 09:10:32",Khudenko,Zynovij
473,"DELL XPS15 (9560)",NOTEBOOK,20230315091032,"2023-03-15 09:10:32",Khudenko,Zynovij
474,"OMEGA CMM293RD /7D /BLACK-RED",MOUSE,20230315091032,"2023-03-15 09:10:32",Khudenko,Zynovij
475,"CM DEVASTATOR II BLU LED DESKT",KEYBOARD,20230315091032,"2023-03-15 09:10:32",Khudenko,Zynovij
476,"ASUS G513RM-LN397",NOTEBOOK,20230316122131,"2023-03-16 12:21:31",Kondratyuk,Zynovij
477,"THREADRIPPER 2970X",CPUs,20230316122131,"2023-03-16 12:21:31",Kondratyuk,Zynovij
478,"A4 PK-930HA 1080P","WEB CAMERA",20230318090750,"2023-03-18 09:07:50",Olijnyk,Roman
479,"A4 X-705K 3-FIRE GAME OPT USB",MOUSE,20230318090750,"2023-03-18 09:07:50",Olijnyk,Roman
480,"NOKIA 43 SMART TV 4300B FHD",MONITOR,20230319085143,"2023-03-19 08:51:43",Vlasyuk,Stanislava
481,"LENOVO V520 TWR",Desktops,20230319085143,"2023-03-19 08:51:43",Vlasyuk,Stanislava
482,"ASUS G22CH-7720W",Desktops,20230319085143,"2023-03-19 08:51:43",Vlasyuk,Stanislava
483,"ASUS G15CF-WB5720W",Desktops,20230319085143,"2023-03-19 08:51:43",Vlasyuk,Stanislava
484,"34 LENOVO G34W-10",MONITOR,20230320090914,"2023-03-20 09:09:14",Tarasyuk,Yukhym
485,"CM DEVASTATOR II BLU LED DESKT",KEYBOARD,20230320090914,"2023-03-20 09:09:14",Tarasyuk,Yukhym
486,"CANON MF-752CDW AIO CLR LASER",PRINTER,20230320090914,"2023-03-20 09:09:14",Tarasyuk,Yukhym
487,"LOGITECH M185 WL / RED",MOUSE,20230320090914,"2023-03-20 09:09:14",Tarasyuk,Yukhym
488,"27 GB G27Q-EK",MONITOR,20230320090914,"2023-03-20 09:09:14",Tarasyuk,Yukhym
489,"MS WL MOBILE MOUSE 1850 BLACK",MOUSE,20230321094839,"2023-03-21 09:48:39",Olijnyk,Roman
490,"NOKIA 43 SMART TV 4300A 4K",MONITOR,20230321094839,"2023-03-21 09:48:39",Olijnyk,Roman
491,"MS WIRELESS DESKTOP 850 AES",KEYBOARD,20230321094839,"2023-03-21 09:48:39",Olijnyk,Roman
492,"AMD RYZEN 5 2400G",CPUs,20230321094839,"2023-03-21 09:48:39",Olijnyk,Roman
493,"4G DDR4 3200 KINGST FURY BEAST",RAM,20230322084916,"2023-03-22 08:49:16",Lyashko,Yukhym
494,"ASUS G513RM-LN397",NOTEBOOK,20230322084916,"2023-03-22 08:49:16",Lyashko,Yukhym
495,"MS WIRELESS DESKTOP 850 AES",KEYBOARD,20230322084916,"2023-03-22 08:49:16",Lyashko,Yukhym
496,"ASUS G22CH-7720W",Desktops,20230323084347,"2023-03-23 08:43:47",Slobodyan,Ulyana
497,"A4 X-705K 3-FIRE GAME OPT USB",MOUSE,20230323084347,"2023-03-23 08:43:47",Slobodyan,Ulyana
498,"THREADRIPPER 2970X",CPUs,20230323084347,"2023-03-23 08:43:47",Slobodyan,Ulyana
499,"A4 B500N BLOODY GRAY",KEYBOARD,20230323084347,"2023-03-23 08:43:47",Slobodyan,Ulyana
500,"MSI MAG Z490 TOMAHAWK /LGA1200","MAIN BOARD",20230323084347,"2023-03-23 08:43:47",Slobodyan,Ulyana
501,"4G DDR4 2666 ADATA",RAM,20230324133653,"2023-03-24 13:36:53",Cheban,Zynovij
502,"MSI 32 OPTIX G32CQ4 VA CURVED",MONITOR,20230324133653,"2023-03-24 13:36:53",Cheban,Zynovij
503,"ASUS W5000 WL KB+MOUSE WHITE",KEYBOARD,20230324133653,"2023-03-24 13:36:53",Cheban,Zynovij
504,"16G DDR4 2666 ADATA",RAM,20230324133653,"2023-03-24 13:36:53",Cheban,Zynovij
505,"ACER PREDATOR GAME PAD 711",MOUSE,20230325090519,"2023-03-25 09:05:19",Demchuk,Tamara
506,"ASUS G513RM-LN397",NOTEBOOK,20230325090519,"2023-03-25 09:05:19",Demchuk,Tamara
507,"A4 B318 BLOODY LIGHT STRIKE BK",KEYBOARD,20230325090519,"2023-03-25 09:05:19",Demchuk,Tamara
508,"A4 B318 BLOODY LIGHT STRIKE BK",KEYBOARD,20230325090519,"2023-03-25 09:05:19",Demchuk,Tamara
509,"NOKIA 43 SMART TV 4300B FHD",MONITOR,20230325090519,"2023-03-25 09:05:19",Demchuk,Tamara
510,"Intel Core i7 9700K",CPUs,20230326095155,"2023-03-26 09:51:55",Kohut,Zynovij
511,"CM DEVASTATOR II BLU LED DESKT",KEYBOARD,20230326095155,"2023-03-26 09:51:55",Kohut,Zynovij
512,"8GB DDR5 5200 ADATA HUNTER",RAM,20230326095155,"2023-03-26 09:51:55",Kohut,Zynovij
513,"LENOVO LEGION T5 26/90RC01B5RM",Desktops,20230326095155,"2023-03-26 09:51:55",Kohut,Zynovij
514,"LENOVO YOGA 7 14 / 82QF003QBM",NOTEBOOK,20230326095155,"2023-03-26 09:51:55",Kohut,Zynovij
515,"ASUS G15CF-WB7636",Desktops,20230326095155,"2023-03-26 09:51:55",Kohut,Zynovij
516,"8G DDR4 3200 ADATA",RAM,20230327094802,"2023-03-27 09:48:02",Yatsenko,Antonina
517,"A4 B318 BLOODY LIGHT STRIKE BK",KEYBOARD,20230327094802,"2023-03-27 09:48:02",Yatsenko,Antonina
518,"A4 B318 BLOODY LIGHT STRIKE BK",KEYBOARD,20230327094802,"2023-03-27 09:48:02",Yatsenko,Antonina
519,"ASUS G15DK-WB7620",Desktops,20230327094802,"2023-03-27 09:48:02",Yatsenko,Antonina
520,"MSI 32 OPTIX MAG322CQR",MONITOR,20230328084434,"2023-03-28 08:44:34",Didyk,Lyubov
521,"CANON MF-463DW AIO LASER",PRINTER,20230328084434,"2023-03-28 08:44:34",Didyk,Lyubov
522,"ASUS ROG STRIX B560-G GAMIN WF","MAIN BOARD",20230328084434,"2023-03-28 08:44:34",Didyk,Lyubov
523,"LOGITECH MK330 WL DESKTOP BK",KEYBOARD,20230328084434,"2023-03-28 08:44:34",Didyk,Lyubov
524,"MS WIRELESS DESKTOP 850 AES",KEYBOARD,20230329162535,"2023-03-29 16:25:35",Kravchenko,Myroslav
525,"MSI GAMING CLUTCH GM08",MOUSE,20230330090712,"2023-03-30 09:07:12",Savenko,Yana
526,"MSI RTX3080 VENT3X PLUS 12 OC","VIDEO CARD",20230330090712,"2023-03-30 09:07:12",Savenko,Yana
527,"LENOVO YOGA 7 14 / 82QF003QBM",NOTEBOOK,20230331115304,"2023-03-31 11:53:04",Dudnyk,Ulyana
528,"LOGITECH M105 /USB/BLACK",MOUSE,20230331115304,"2023-03-31 11:53:04",Dudnyk,Ulyana
529,"GW RTX3080TI PHANTOM 12G","VIDEO CARD",20230401150704,"2023-04-01 15:07:04",Yakymenko,Danylo
530,"ASUS G513RM-LN397",NOTEBOOK,20230402082820,"2023-04-02 08:28:20",Yakymenko,Danylo
531,"NOKIA 43 SMART TV 4300B FHD",MONITOR,20230402082820,"2023-04-02 08:28:20",Yakymenko,Danylo
532,"CANON MF-461DW AIO LASER",PRINTER,20230402082820,"2023-04-02 08:28:20",Yakymenko,Danylo
533,"GB R69XTGAMING OC-16GD","VIDEO CARD",20230402082820,"2023-04-02 08:28:20",Yakymenko,Danylo
534,"ACER 34 CB342CKCSMIIPHUZX",MONITOR,20230403110024,"2023-04-03 11:00:24",Bondarchuk,Iryna
535,"MS ALL IN ONE MEDIA KB",KEYBOARD,20230403110024,"2023-04-03 11:00:24",Bondarchuk,Iryna
536,"MSI RX6950XT GAMING X TRIO 16G","VIDEO CARD",20230404090307,"2023-04-04 09:03:07",Solovej,Taras
537,"Intel Core i7 9700K",CPUs,20230404090307,"2023-04-04 09:03:07",Solovej,Taras
538,"GB N308TGAMING OC-12GD","VIDEO CARD",20230404090307,"2023-04-04 09:03:07",Solovej,Taras
539,"ASUS W5000 WL KB+MOUSE WHITE",KEYBOARD,20230405093058,"2023-04-05 09:30:58",Horban,Yurij
540,"MSI SUMMIT E14 FLIP A12MT 093",NOTEBOOK,20230405093058,"2023-04-05 09:30:58",Horban,Yurij
541,"NOKIA 43 SMART TV 4300A 4K",MONITOR,20230405093058,"2023-04-05 09:30:58",Horban,Yurij
542,"PALIT RTX3090TI GAMEROCK 24G","VIDEO CARD",20230405093058,"2023-04-05 09:30:58",Horban,Yurij
543,"ACER 34 CB342CKCSMIIPHUZX",MONITOR,20230406110600,"2023-04-06 11:06:00",Morhun,Yevheniya
544,"ASUS 23.8 PROART PA248Q",MONITOR,20230406110600,"2023-04-06 11:06:00",Morhun,Yevheniya
545,"MSI MAG Z490 TOMAHAWK /LGA1200","MAIN BOARD",20230406110600,"2023-04-06 11:06:00",Morhun,Yevheniya
546,"CANON MF-752CDW AIO CLR LASER",PRINTER,20230407105619,"2023-04-07 10:56:19",Buhaj,Taras
547,"HP 285 MT G3",Desktops,20230407105619,"2023-04-07 10:56:19",Buhaj,Taras
548,"LENOVO WL DESKTOP 510 BLACK",KEYBOARD,20230407105619,"2023-04-07 10:56:19",Buhaj,Taras
549,"OMEGA CMM293RD /7D /BLACK-RED",MOUSE,20230407105619,"2023-04-07 10:56:19",Buhaj,Taras
550,"GB Z690 UD /LGA1700","MAIN BOARD",20230407105619,"2023-04-07 10:56:19",Buhaj,Taras
551,"ACER 34 CB342CKCSMIIPHUZX",MONITOR,20230407105619,"2023-04-07 10:56:19",Buhaj,Taras
552,"ACER AN515-57-74E6 NITRO 5",NOTEBOOK,20230408124714,"2023-04-08 12:47:14",Valenyuk,Volodymyr
553,"ASUS B5602CBN-OLED-UI74D0X",NOTEBOOK,20230409113133,"2023-04-09 11:31:33",Parkhomenko,Yeva
554,"27 GB G27Q-EK",MONITOR,20230409113133,"2023-04-09 11:31:33",Parkhomenko,Yeva
555,"MSI SUMMIT E14 FLIP A12MT 093",NOTEBOOK,20230409113133,"2023-04-09 11:31:33",Parkhomenko,Yeva
556,"27 GB G27Q-EK",MONITOR,20230409113133,"2023-04-09 11:31:33",Parkhomenko,Yeva
557,"MS WL MOBILE MOUSE 1850 BLACK",MOUSE,20230410082807,"2023-04-10 08:28:07",Maslyanko,Taras
558,"LENOVO LEGION T7 34/90S2005YRM",Desktops,20230410082807,"2023-04-10 08:28:07",Maslyanko,Taras
559,"ASUS G513RM-LN397",NOTEBOOK,20230410082807,"2023-04-10 08:28:07",Maslyanko,Taras
560,"CANON MF-461DW AIO LASER",PRINTER,20230411083933,"2023-04-11 08:39:33",Leshchenko,Serhij
561,"8GB DDR3 1600 TEAM ELITE",RAM,20230411083933,"2023-04-11 08:39:33",Leshchenko,Serhij
562,"MS ALL IN ONE MEDIA KB",KEYBOARD,20230411083933,"2023-04-11 08:39:33",Leshchenko,Serhij
563,"ASUS G35DX-21202W",Desktops,20230411083933,"2023-04-11 08:39:33",Leshchenko,Serhij
564,"Intel Core i9 9900K",CPUs,20230412164105,"2023-04-12 16:41:05",Buryak,Heorhij
565,"OMEGA KB-805 MECH USB GAMING",KEYBOARD,20230413082152,"2023-04-13 08:21:52",Kulish,Yevheniya
566,"MSI KATANA 17 B12VFK-204BG",NOTEBOOK,20230413082152,"2023-04-13 08:21:52",Kulish,Yevheniya
567,"LENOVO 300 FHD W/MIC","WEB CAMERA",20230413082152,"2023-04-13 08:21:52",Kulish,Yevheniya
568,"LOGITECH MK330 WL DESKTOP BK",KEYBOARD,20230413082152,"2023-04-13 08:21:52",Kulish,Yevheniya
569,"CANON MF-463DW AIO LASER",PRINTER,20230413082152,"2023-04-13 08:21:52",Kulish,Yevheniya
570,"ASUS G15DK-21302",Desktops,20230414084442,"2023-04-14 08:44:42",Naumenko,Yevhen
571,HP-Compaq,NOTEBOOK,20230414084442,"2023-04-14 08:44:42",Naumenko,Yevhen
572,"MSI 32 OPTIX G32CQ4 VA CURVED",MONITOR,20230414084442,"2023-04-14 08:44:42",Naumenko,Yevhen
573,"ASUS G15CF-WB7636",Desktops,20230414084442,"2023-04-14 08:44:42",Naumenko,Yevhen
574,"ASUS ROG STRIX B560-G GAMIN WF","MAIN BOARD",20230414084442,"2023-04-14 08:44:42",Naumenko,Yevhen
575,"Intel Core i5 9600K",CPUs,20230414084442,"2023-04-14 08:44:42",Naumenko,Yevhen
576,"MSI PRO Z690-A DDR4 /LGA1700","MAIN BOARD",20230415104310,"2023-04-15 10:43:10",Slobodyan,Ivanna
577,"ASUS B5602CBN-OLED-UI74D0X",NOTEBOOK,20230415104310,"2023-04-15 10:43:10",Slobodyan,Ivanna
578,"Intel Core i5 9600K",CPUs,20230415104310,"2023-04-15 10:43:10",Slobodyan,Ivanna
579,"ASUS G22CH-7720W",Desktops,20230415104310,"2023-04-15 10:43:10",Slobodyan,Ivanna
580,"27 LG 27UP850-W",MONITOR,20230415104310,"2023-04-15 10:43:10",Slobodyan,Ivanna
581,"ASUS B5602CBN-OLED-UI74D0X",NOTEBOOK,20230416130721,"2023-04-16 13:07:21",Naumenko,Afanasij
582,"ASUS 31.5 TUF GAMING VG32VQ1BR",MONITOR,20230416130721,"2023-04-16 13:07:21",Naumenko,Afanasij
583,"MSI PRO Z690-A DDR4 /LGA1700","MAIN BOARD",20230417102936,"2023-04-17 10:29:36",Yevtushenko,Hanna
584,"ACER 34 CB342CKCSMIIPHUZX",MONITOR,20230418121036,"2023-04-18 12:10:36",Leshchenko,Serhij
585,"NOKIA 43 SMART TV 4300B FHD",MONITOR,20230418121036,"2023-04-18 12:10:36",Leshchenko,Serhij
586,HP-Compaq,NOTEBOOK,20230419122942,"2023-04-19 12:29:42",Didyk,Yuliya
587,"ASROCK B550 PHANTOM GAM-ITX/AX","MAIN BOARD",20230419122942,"2023-04-19 12:29:42",Didyk,Yuliya
588,"MSI RTX3080 VENT3X PLUS 12 OC","VIDEO CARD",20230419122942,"2023-04-19 12:29:42",Didyk,Yuliya
589,"MSI KATANA 17 B12VFK-204BG",NOTEBOOK,20230420092126,"2023-04-20 09:21:26",Gorin,Oksana
590,"Dell OptiPlex 7060 SFF",Desktops,20230420092126,"2023-04-20 09:21:26",Gorin,Oksana
591,"LENOVO WL DESKTOP 510 BLACK",KEYBOARD,20230421083926,"2023-04-21 08:39:26",Horban,Andrij
592,"GW RTX3080TI PHANTOM 12G","VIDEO CARD",20230421083926,"2023-04-21 08:39:26",Horban,Andrij
593,"4G DDR4 3200 KINGST FURY BEAST",RAM,20230422125427,"2023-04-22 12:54:27",Maslyanko,Taras
594,"LOGITECH HD PRO WEBCAM C920","WEB CAMERA",20230423080107,"2023-04-23 08:01:07",Ponomarenko,Anzhela
595,"LOGITECH HD PRO WEBCAM C920","WEB CAMERA",20230423080107,"2023-04-23 08:01:07",Ponomarenko,Anzhela
596,"8G DDR4 3200 ADATA",RAM,20230423080107,"2023-04-23 08:01:07",Ponomarenko,Anzhela
597,"MSI 32 OPTIX G32CQ4 VA CURVED",MONITOR,20230423080107,"2023-04-23 08:01:07",Ponomarenko,Anzhela
598,"MSI GAMING CLUTCH GM08",MOUSE,20230424091510,"2023-04-24 09:15:10",Kondratyuk,Zynovij
599,"CANON MF-461DW AIO LASER",PRINTER,20230424091510,"2023-04-24 09:15:10",Kondratyuk,Zynovij
600,"ASUS 31.5 TUF GAMING VG32VQ1BR",MONITOR,20230424091510,"2023-04-24 09:15:10",Kondratyuk,Zynovij
601,"PALIT RTX3090TI GAMEROCK 24G","VIDEO CARD",20230424091510,"2023-04-24 09:15:10",Kondratyuk,Zynovij
602,"ASUS G15CF-WB5720W",Desktops,20230424091510,"2023-04-24 09:15:10",Kondratyuk,Zynovij
603,"ASUS ROG STRIX B560-A GAMIN WF","MAIN BOARD",20230425143519,"2023-04-25 14:35:19",Tokar,Oksana
604,"MSI RTX3080TI VENTUS 3X 12G OC","VIDEO CARD",20230425143519,"2023-04-25 14:35:19",Tokar,Oksana
605,"ASUS ROG STRIX B560-G GAMIN WF","MAIN BOARD",20230426091737,"2023-04-26 09:17:37",Kolisnyk,Oksana
606,"MSI 32 OPTIX MAG322CQR",MONITOR,20230426091737,"2023-04-26 09:17:37",Kolisnyk,Oksana
607,"ASUS G513RM-LN397",NOTEBOOK,20230426091737,"2023-04-26 09:17:37",Kolisnyk,Oksana
608,"ASROCK B650 PG LIGHTNING /AM5","MAIN BOARD",20230427101411,"2023-04-27 10:14:11",Lebid,Nina
609,"ACER PREDATOR GAME PAD 711",MOUSE,20230427101411,"2023-04-27 10:14:11",Lebid,Nina
610,"4G DDR4 2666 ADATA",RAM,20230427101411,"2023-04-27 10:14:11",Lebid,Nina
611,"LENOVO LEGIOIN K300 RGB",KEYBOARD,20230428084649,"2023-04-28 08:46:49",Ponomarenko,Anton
612,"GB Z690 UD /LGA1700","MAIN BOARD",20230428084649,"2023-04-28 08:46:49",Ponomarenko,Anton
613,"HP 285 MT G3",Desktops,20230429161938,"2023-04-29 16:19:38",Ihnatenko,Olha
614,"OMEGA CMM293RD /7D /BLACK-RED",MOUSE,20230430090559,"2023-04-30 09:05:59",Shirman,Artem
615,"A4 B500N BLOODY GRAY",KEYBOARD,20230430090559,"2023-04-30 09:05:59",Shirman,Artem
616,"GB R69XTGAMING OC-16GD","VIDEO CARD",20230430090559,"2023-04-30 09:05:59",Shirman,Artem
617,"MSI 32 OPTIX MAG322CQR",MONITOR,20230430090559,"2023-04-30 09:05:59",Shirman,Artem
618,"Dell Vostro 5471",NOTEBOOK,20230430090559,"2023-04-30 09:05:59",Shirman,Artem
619,"TENDA K4W-3TC 4CH WL HD VIDEO","WEB CAMERA",20230501145515,"2023-05-01 14:55:15",Usenko,Eduard
620,"4G DDR4 2666 ADATA",RAM,20230501145515,"2023-05-01 14:55:15",Usenko,Eduard
621,"MSI PRO Z690-A DDR4 /LGA1700","MAIN BOARD",20230501145515,"2023-05-01 14:55:15",Usenko,Eduard
622,"GB R69XTGAMING OC-16GD","VIDEO CARD",20230502162642,"2023-05-02 16:26:42",Demchuk,Tamara
623,"ASROCK B550 PHANTOM GAM-ITX/AX","MAIN BOARD",20230503094044,"2023-05-03 09:40:44",Tarasyuk,Yukhym
624,"LENOVO 300 FHD W/MIC","WEB CAMERA",20230503094044,"2023-05-03 09:40:44",Tarasyuk,Yukhym
625,"THREADRIPPER 2920X",CPUs,20230504140551,"2023-05-04 14:05:51",Fesenko,Kyrylo
626,"4G DDR4 2666 ADATA",RAM,20230504140551,"2023-05-04 14:05:51",Fesenko,Kyrylo
627,"CANON MF-752CDW AIO CLR LASER",PRINTER,20230504140551,"2023-05-04 14:05:51",Fesenko,Kyrylo
628,"PALIT RTX3080TI GAMEROCK 12G","VIDEO CARD",20230504140551,"2023-05-04 14:05:51",Fesenko,Kyrylo
629,"ASUS W5000 WL KB+MOUSE WHITE",KEYBOARD,20230505081757,"2023-05-05 08:17:57",Romanenko,Vsevolod
630,"PALIT RTX3080TI GAMEROCK 12G","VIDEO CARD",20230505081757,"2023-05-05 08:17:57",Romanenko,Vsevolod
631,"THREADRIPPER 2970X",CPUs,20230507083734,"2023-05-07 08:37:34",Kalinichenko,Eduard
632,"LENOVO WL DESKTOP 510 BLACK",KEYBOARD,20230507083734,"2023-05-07 08:37:34",Kalinichenko,Eduard
633,"34 LENOVO G34W-10",MONITOR,20230508081239,"2023-05-08 08:12:39",Leshchenko,Serhij
634,"CANON MF-461DW AIO LASER",PRINTER,20230508081239,"2023-05-08 08:12:39",Leshchenko,Serhij
635,"Dell OptiPlex 7060 SFF",Desktops,20230508081239,"2023-05-08 08:12:39",Leshchenko,Serhij
636,"LOGITECH M105 /USB/BLACK",MOUSE,20230510140617,"2023-05-10 14:06:17",Tarasyuk,Kseniya
637,"Dell Vostro 5471",NOTEBOOK,20230510140617,"2023-05-10 14:06:17",Tarasyuk,Kseniya
638,"ASUS 23.8 PROART PA248Q",MONITOR,20230511102613,"2023-05-11 10:26:13",Yevtushenko,Hanna
639,"ASUS G513RM-LN397",NOTEBOOK,20230511102613,"2023-05-11 10:26:13",Yevtushenko,Hanna
640,"MSI RX6950XT GAMING X TRIO 16G","VIDEO CARD",20230512080653,"2023-05-12 08:06:53",Vlasyuk,Stanislava
641,"DELL VOSTRO 3668",Desktops,20230512080653,"2023-05-12 08:06:53",Vlasyuk,Stanislava
642,"ASUS ROG STRIX B560-G GAMIN WF","MAIN BOARD",20230512080653,"2023-05-12 08:06:53",Vlasyuk,Stanislava
643,"A4 B500N BLOODY GRAY",KEYBOARD,20230512080653,"2023-05-12 08:06:53",Vlasyuk,Stanislava
644,"LENOVO YOGA 7 14 / 82QF003QBM",NOTEBOOK,20230512080653,"2023-05-12 08:06:53",Vlasyuk,Stanislava
645,"DELL VOSTRO 3668",Desktops,20230512080653,"2023-05-12 08:06:53",Vlasyuk,Stanislava
646,"THREADRIPPER 2920X",CPUs,20230512080653,"2023-05-12 08:06:53",Vlasyuk,Stanislava
647,"PALIT RTX3080TI GAMEROCK 12G","VIDEO CARD",20230513115948,"2023-05-13 11:59:48",Valenyuk,Roman
648,"4G DDR4 2666 ADATA",RAM,20230513115948,"2023-05-13 11:59:48",Valenyuk,Roman
649,"8G DDR4 3200 ADATA",RAM,20230514164300,"2023-05-14 16:43:00",Kravchenko,Myroslav
650,"GB Z690 UD /LGA1700","MAIN BOARD",20230515095721,"2023-05-15 09:57:21",Slobodyan,Ivanna
651,"GB N3090GAMING OC-24GD","VIDEO CARD",20230515095721,"2023-05-15 09:57:21",Slobodyan,Ivanna
652,"MSI RTX3080 VENT3X PLUS 12 OC","VIDEO CARD",20230515095721,"2023-05-15 09:57:21",Slobodyan,Ivanna
653,"LENOVO V520 TWR",Desktops,20230517094409,"2023-05-17 09:44:09",Kondratyuk,Liliya
654,"27 LG 27UP850-W",MONITOR,20230517094409,"2023-05-17 09:44:09",Kondratyuk,Liliya
655,"MSI SUMMIT E14 FLIP A12MT 093",NOTEBOOK,20230517094409,"2023-05-17 09:44:09",Kondratyuk,Liliya
656,"OMEGA KB-805 MECH USB GAMING",KEYBOARD,20230517094409,"2023-05-17 09:44:09",Kondratyuk,Liliya
657,"MSI PRO Z690-A DDR4 /LGA1700","MAIN BOARD",20230518150804,"2023-05-18 15:08:04",Ilchenko,Tamara
658,"27 GB G27Q-EK",MONITOR,20230519165526,"2023-05-19 16:55:26",Prykhodko,Hryhorij
659,"THREADRIPPER 2970X",CPUs,20230520151216,"2023-05-20 15:12:16",Demydenko,Andrij
660,"ASUS ROG STRIX G35CA-WB7830W",Desktops,20230521080645,"2023-05-21 08:06:45",Morhun,Yevheniya
661,"8G DDR4 2666 KINGSTON",RAM,20230521080645,"2023-05-21 08:06:45",Morhun,Yevheniya
662,"MS WIRELESS DESKTOP 850 AES",KEYBOARD,20230521080645,"2023-05-21 08:06:45",Morhun,Yevheniya
663,"LENOVO LEGION T5 26/90RC01B6RM",Desktops,20230521080645,"2023-05-21 08:06:45",Morhun,Yevheniya
664,"MSI SUMMIT E14 FLIP A12MT 093",NOTEBOOK,20230521080645,"2023-05-21 08:06:45",Morhun,Yevheniya
665,"MSI SUMMIT E14 FLIP A12MT 093",NOTEBOOK,20230522085836,"2023-05-22 08:58:36",Kondratyuk,Zynovij
666,"MSI RTX3080 VENT3X PLUS 12 OC","VIDEO CARD",20230522085836,"2023-05-22 08:58:36",Kondratyuk,Zynovij
667,"Intel Core i9 9900K",CPUs,20230523112156,"2023-05-23 11:21:56",Shirman,Artem
668,"CANON MF-463DW AIO LASER",PRINTER,20230524121423,"2023-05-24 12:14:23",Lyashko,Yukhym
669,"GB B550 AORUS PRO AC /AM4","MAIN BOARD",20230524121423,"2023-05-24 12:14:23",Lyashko,Yukhym
670,"A4 V7M BLOODY GAMING BLACK",MOUSE,20230525104235,"2023-05-25 10:42:35",Kravchuk,Larysa
671,"8GB DDR5 5200 ADATA HUNTER",RAM,20230526090132,"2023-05-26 09:01:32",Kravchuk,Larysa
672,"MSI 32 OPTIX G32CQ4 VA CURVED",MONITOR,20230526090132,"2023-05-26 09:01:32",Kravchuk,Larysa
673,HP-Compaq,NOTEBOOK,20230526090132,"2023-05-26 09:01:32",Kravchuk,Larysa
674,"Intel Core i5 9600K",CPUs,20230527092304,"2023-05-27 09:23:04",Horban,Yurij
675,"8GB DDR5 4800 KINGSTON",RAM,20230527092304,"2023-05-27 09:23:04",Horban,Yurij
676,"ASUS W5000 WL KB+MOUSE WHITE",KEYBOARD,20230527092304,"2023-05-27 09:23:04",Horban,Yurij
677,"MSI SUMMIT E14 FLIP A12MT 093",NOTEBOOK,20230528152203,"2023-05-28 15:22:03",Lebid,Nina
678,"ASUS G15CF-WB7822",Desktops,20230529085914,"2023-05-29 08:59:14",Serdyuk,Svyatoslav
679,"PALIT RTX3080TI GAMEROCK 12G","VIDEO CARD",20230529085914,"2023-05-29 08:59:14",Serdyuk,Svyatoslav
680,"GB N3090GAMING OC-24GD","VIDEO CARD",20230529085914,"2023-05-29 08:59:14",Serdyuk,Svyatoslav
681,"ASUS G513RM-LN397",NOTEBOOK,20230530141015,"2023-05-30 14:10:15",Kravets,Zhanna
682,"MSI RX6950XT GAMING X TRIO 16G","VIDEO CARD",20230530141015,"2023-05-30 14:10:15",Kravets,Zhanna
683,"16G DDR4 3200 TEAM ELITE",RAM,20230531090427,"2023-05-31 09:04:27",Yatsenko,Antonina
684,"ACER AN517-42-R8SQ NITRO 5",NOTEBOOK,20230531090427,"2023-05-31 09:04:27",Yatsenko,Antonina
685,"GB R695XTGAMING OC-16GD","VIDEO CARD",20230601135524,"2023-06-01 13:55:24",Nazarenko,Yuliya
686,"GB N308TGAMING OC-12GD","VIDEO CARD",20230602165607,"2023-06-02 16:56:07",Yevtushenko,Myron
687,"GW RTX3080TI PHANTOM 12G","VIDEO CARD",20230603080928,"2023-06-03 08:09:28",Mazurenko,Yurij
688,"LENOVO 300 FHD W/MIC","WEB CAMERA",20230603080928,"2023-06-03 08:09:28",Mazurenko,Yurij
689,"ASUS 31.5 TUF GAMING VG32VQ1BR",MONITOR,20230603080928,"2023-06-03 08:09:28",Mazurenko,Yurij
690,"8G DDR4 3200 ADATA",RAM,20230603080928,"2023-06-03 08:09:28",Mazurenko,Yurij
691,"DELL XPS15 (9560)",NOTEBOOK,20230603080928,"2023-06-03 08:09:28",Mazurenko,Yurij
692,"A4 PK-930HA 1080P","WEB CAMERA",20230603080928,"2023-06-03 08:09:28",Mazurenko,Yurij
693,"ASUS 31.5 TUF GAMING VG32VQ1BR",MONITOR,20230603080928,"2023-06-03 08:09:28",Mazurenko,Yurij
694,"8G DDR4 3200 ADATA",RAM,20230604121603,"2023-06-04 12:16:03",Kravchenko,Myroslav
695,"8G DDR4 2666 KINGSTON",RAM,20230606153442,"2023-06-06 15:34:42",Valenyuk,Volodymyr
696,"4G DDR4 2666 ADATA",RAM,20230607082024,"2023-06-07 08:20:24",Movchan,Eduard
697,"ASUS G15DK-21302",Desktops,20230608082747,"2023-06-08 08:27:47",Cheban,Zynovij
698,"REP EXT CAMERA CASE TH-500","WEB CAMERA",20230609124014,"2023-06-09 12:40:14",Kravchenko,Myroslav
699,"AMD RYZEN 5 2400G",CPUs,20230610142847,"2023-06-10 14:28:47",Yevtushenko,Myron
700,"MSI PRO Z690-A DDR4 /LGA1700","MAIN BOARD",20230610142847,"2023-06-10 14:28:47",Yevtushenko,Myron
701,"ASROCK B550 PHANTOM GAM-ITX/AX","MAIN BOARD",20230610142847,"2023-06-10 14:28:47",Yevtushenko,Myron
702,"GB N3090GAMING OC-24GD","VIDEO CARD",20230611105402,"2023-06-11 10:54:02",Valenyuk,Volodymyr
703,"MSI RTX3080TI VENTUS 3X 12G OC","VIDEO CARD",20230611105402,"2023-06-11 10:54:02",Valenyuk,Volodymyr
704,"LENOVO LEGIOIN K300 RGB",KEYBOARD,20230611105402,"2023-06-11 10:54:02",Valenyuk,Volodymyr
705,"LENOVO WL DESKTOP 510 BLACK",KEYBOARD,20230612092140,"2023-06-12 09:21:40",Omelchuk,Olesya
706,"REP EXT CAMERA CASE TH-500","WEB CAMERA",20230612092140,"2023-06-12 09:21:40",Omelchuk,Olesya
707,"27 LG 27UP850-W",MONITOR,20230612092140,"2023-06-12 09:21:40",Omelchuk,Olesya
708,"CANON MF-463DW AIO LASER",PRINTER,20230612092140,"2023-06-12 09:21:40",Omelchuk,Olesya
709,"ASUS G15CF-WB5720W",Desktops,20230612092140,"2023-06-12 09:21:40",Omelchuk,Olesya
710,"PALIT RTX3080TI GAMEROCK 12G","VIDEO CARD",20230612092140,"2023-06-12 09:21:40",Omelchuk,Olesya
711,"OMEGA CMM293RD /7D /BLACK-RED",MOUSE,20230612092140,"2023-06-12 09:21:40",Omelchuk,Olesya
712,"ASUS ROG STRIX G35CA-WB7830W",Desktops,20230613111256,"2023-06-13 11:12:56",Demydenko,Natalya
713,"ACER AN517-42-R8SQ NITRO 5",NOTEBOOK,20230613111256,"2023-06-13 11:12:56",Demydenko,Natalya
714,"MS WIRELESS DESKTOP 850 AES",KEYBOARD,20230614115905,"2023-06-14 11:59:05",Kondratyuk,Orest
715,"DELL XPS15 (9560)",NOTEBOOK,20230614115905,"2023-06-14 11:59:05",Kondratyuk,Orest
716,"ASUS ROG STRIX G35CA-WB7830W",Desktops,20230614115905,"2023-06-14 11:59:05",Kondratyuk,Orest
717,"CANON MF-752CDW AIO CLR LASER",PRINTER,20230614115905,"2023-06-14 11:59:05",Kondratyuk,Orest
718,"34 LENOVO G34W-10",MONITOR,20230615110452,"2023-06-15 11:04:52",Sayenko,Ulyana
719,"REP EXT CAMERA CASE TH-500","WEB CAMERA",20230615110452,"2023-06-15 11:04:52",Sayenko,Ulyana
720,"MSI RTX3080TI VENTUS 3X 12G OC","VIDEO CARD",20230616144919,"2023-06-16 14:49:19",Stepanenko,Liliya
721,"LENOVO LEGION T7 34/90S2005YRM",Desktops,20230616144919,"2023-06-16 14:49:19",Stepanenko,Liliya
722,"ASUS B5602CBN-OLED-UI74D0X",NOTEBOOK,20230617091037,"2023-06-17 09:10:37",Leshchenko,Serhij
723,"A4 B318 BLOODY LIGHT STRIKE BK",KEYBOARD,20230617091037,"2023-06-17 09:10:37",Leshchenko,Serhij
724,"GB R695XTGAMING OC-16GD","VIDEO CARD",20230617091037,"2023-06-17 09:10:37",Leshchenko,Serhij
725,"LOGITECH M105 /USB/BLACK",MOUSE,20230619081635,"2023-06-19 08:16:35",Ponomarenko,Anzhela
726,"GB N3090GAMING OC-24GD","VIDEO CARD",20230619081635,"2023-06-19 08:16:35",Ponomarenko,Anzhela
727,"Dell OptiPlex 7060 SFF",Desktops,20230619081635,"2023-06-19 08:16:35",Ponomarenko,Anzhela
728,"MSI PRO Z690-A DDR4 /LGA1700","MAIN BOARD",20230619081635,"2023-06-19 08:16:35",Ponomarenko,Anzhela
729,"MS ALL IN ONE MEDIA KB",KEYBOARD,20230619081635,"2023-06-19 08:16:35",Ponomarenko,Anzhela
730,"MSI RX6950XT GAMING X TRIO 16G","VIDEO CARD",20230620154928,"2023-06-20 15:49:28",Fesenko,Svitlana
731,HP-Compaq,NOTEBOOK,20230620154928,"2023-06-20 15:49:28",Fesenko,Svitlana
732,"ASUS G22CH-7720W",Desktops,20230621081800,"2023-06-21 08:18:00",Kravchenko,Myroslav
733,"CANON MF-752CDW AIO CLR LASER",PRINTER,20230621081800,"2023-06-21 08:18:00",Kravchenko,Myroslav
734,"DELL VOSTRO 3668",Desktops,20230622085539,"2023-06-22 08:55:39",Chernenko,Stanislava
735,"LENOVO YOGA 7 14 / 82QF003QBM",NOTEBOOK,20230622085539,"2023-06-22 08:55:39",Chernenko,Stanislava
736,"MS WL MOBILE MOUSE 1850 BLACK",MOUSE,20230622085539,"2023-06-22 08:55:39",Chernenko,Stanislava
737,"ASUS ROG STRIX G35CA-WB7830W",Desktops,20230622085539,"2023-06-22 08:55:39",Chernenko,Stanislava
738,"HP pavilion",NOTEBOOK,20230623165149,"2023-06-23 16:51:49",Petruk,Oleksandra
739,"CM DEVASTATOR II BLU LED DESKT",KEYBOARD,20230624090512,"2023-06-24 09:05:12",Kramarenko,Artur
740,"A4 B318 BLOODY LIGHT STRIKE BK",KEYBOARD,20230624090512,"2023-06-24 09:05:12",Kramarenko,Artur
741,"MS ALL IN ONE MEDIA KB",KEYBOARD,20230624090512,"2023-06-24 09:05:12",Kramarenko,Artur
742,HP-Compaq,NOTEBOOK,20230625101421,"2023-06-25 10:14:21",Tarasyuk,Kseniya
743,"MS ALL IN ONE MEDIA KB",KEYBOARD,20230626101455,"2023-06-26 10:14:55",Tarasyuk,Kseniya
744,"MSI MAG Z490 TOMAHAWK /LGA1200","MAIN BOARD",20230626101455,"2023-06-26 10:14:55",Tarasyuk,Kseniya
745,"ACER AN517-42-R8SQ NITRO 5",NOTEBOOK,20230626101455,"2023-06-26 10:14:55",Tarasyuk,Kseniya
746,"ASUS ROG STRIX G35CA-WB7830W",Desktops,20230627142906,"2023-06-27 14:29:06",Buhaj,Taras
747,"LOGITECH MK330 WL DESKTOP BK",KEYBOARD,20230627142906,"2023-06-27 14:29:06",Buhaj,Taras
748,"MS ALL IN ONE MEDIA KB",KEYBOARD,20230629100705,"2023-06-29 10:07:05",Tokar,Oksana
749,"16G DDR4 2666 ADATA",RAM,20230629100705,"2023-06-29 10:07:05",Tokar,Oksana
750,HP-Compaq,NOTEBOOK,20230630114627,"2023-06-30 11:46:27",Kolisnyk,Rostyslav
751,"OMEGA KB-805 MECH USB GAMING",KEYBOARD,20230701085510,"2023-07-01 08:55:10",Tokar,Oksana
752,"4G DDR4 3200 KINGST FURY BEAST",RAM,20230701085510,"2023-07-01 08:55:10",Tokar,Oksana
753,"ASUS G15CF-WB7636",Desktops,20230703084052,"2023-07-03 08:40:52",Nazarenko,Yuliya
754,"OMEGA CMM293RD /7D /BLACK-RED",MOUSE,20230703084052,"2023-07-03 08:40:52",Nazarenko,Yuliya
755,"4G DDR4 3200 KINGST FURY BEAST",RAM,20230703084052,"2023-07-03 08:40:52",Nazarenko,Yuliya
756,"ACER PREDATOR GAME PAD 711",MOUSE,20230704101119,"2023-07-04 10:11:19",Honchar,Anton
757,"A4 X-705K 3-FIRE GAME OPT USB",MOUSE,20230704101119,"2023-07-04 10:11:19",Honchar,Anton
758,"NOKIA 43 SMART TV 4300A 4K",MONITOR,20230704101119,"2023-07-04 10:11:19",Honchar,Anton
759,"ASUS W5000 WL KB+MOUSE WHITE",KEYBOARD,20230704101119,"2023-07-04 10:11:19",Honchar,Anton
760,"LOGITECH M185 WL / RED",MOUSE,20230705104825,"2023-07-05 10:48:25",Balko,Yeva
761,"ACER AN517-42-R8SQ NITRO 5",NOTEBOOK,20230705104825,"2023-07-05 10:48:25",Balko,Yeva
762,"TENDA K4W-3TC 4CH WL HD VIDEO","WEB CAMERA",20230705104825,"2023-07-05 10:48:25",Balko,Yeva
763,"4G DDR4 3200 KINGST FURY BEAST",RAM,20230706150307,"2023-07-06 15:03:07",Musiyenko,Leonid
764,"ASUS G15DK-21302",Desktops,20230707142729,"2023-07-07 14:27:29",Tokar,Oksana
765,"LENOVO 300 FHD W/MIC","WEB CAMERA",20230707142729,"2023-07-07 14:27:29",Tokar,Oksana
766,"GB N3090GAMING OC-24GD","VIDEO CARD",20230708090056,"2023-07-08 09:00:56",Shynkarenko,Serhij
767,"ASUS G15CF-WB7822",Desktops,20230708090056,"2023-07-08 09:00:56",Shynkarenko,Serhij
768,"ACER AN515-57-74E6 NITRO 5",NOTEBOOK,20230709133020,"2023-07-09 13:30:20",Buhaj,Taras
769,"A4 B500N BLOODY GRAY",KEYBOARD,20230709133020,"2023-07-09 13:30:20",Buhaj,Taras
770,"ASUS G15DK-WB7620",Desktops,20230710085712,"2023-07-10 08:57:12",Gorin,Oksana
771,"LENOVO V520 TWR",Desktops,20230710085712,"2023-07-10 08:57:12",Gorin,Oksana
772,"ASUS G15CF-WB7822",Desktops,20230711090132,"2023-07-11 09:01:32",Movchan,Ivan
773,"MSI RX6950XT GAMING X TRIO 16G","VIDEO CARD",20230711090132,"2023-07-11 09:01:32",Movchan,Ivan
774,"NOKIA 43 SMART TV 4300B FHD",MONITOR,20230711090132,"2023-07-11 09:01:32",Movchan,Ivan
775,"A4 X-705K 3-FIRE GAME OPT USB",MOUSE,20230712100440,"2023-07-12 10:04:40",Morhun,Yevheniya
776,"HP pavilion",NOTEBOOK,20230712100440,"2023-07-12 10:04:40",Morhun,Yevheniya
777,"DELL VOSTRO 3668",Desktops,20230713111653,"2023-07-13 11:16:53",Valenyuk,Volodymyr
778,"LENOVO CREATOR 5 / 82L6000EBM",NOTEBOOK,20230714111007,"2023-07-14 11:10:07",Valenyuk,Volodymyr
779,"NOKIA 43 SMART TV 4300B FHD",MONITOR,20230714111007,"2023-07-14 11:10:07",Valenyuk,Volodymyr
780,"MSI RTX3080 VENT3X PLUS 12 OC","VIDEO CARD",20230714111007,"2023-07-14 11:10:07",Valenyuk,Volodymyr
781,"HP 285 MT G3",Desktops,20230715095745,"2023-07-15 09:57:45",Didyk,Lyubov
782,"LENOVO V520 TWR",Desktops,20230715095745,"2023-07-15 09:57:45",Didyk,Lyubov
783,"ACER AMR514 RF2.4 WL OPTICAL",MOUSE,20230715095745,"2023-07-15 09:57:45",Didyk,Lyubov
784,HP-Compaq,NOTEBOOK,20230716092852,"2023-07-16 09:28:52",Dudnyk,Ulyana
785,"ASUS G15DK-WB7620",Desktops,20230716092852,"2023-07-16 09:28:52",Dudnyk,Ulyana
786,"ACER AN517-42-R8SQ NITRO 5",NOTEBOOK,20230716092852,"2023-07-16 09:28:52",Dudnyk,Ulyana
787,"8G DDR4 2666 KINGSTON",RAM,20230716092852,"2023-07-16 09:28:52",Dudnyk,Ulyana
788,"OMEGA CMM293RD /7D /BLACK-RED",MOUSE,20230717095235,"2023-07-17 09:52:35",Petruk,Oleksandra
789,"ACER 34 CB342CKCSMIIPHUZX",MONITOR,20230717095235,"2023-07-17 09:52:35",Petruk,Oleksandra
790,"GB B550 AORUS PRO AC /AM4","MAIN BOARD",20230718095332,"2023-07-18 09:53:32",Kravchuk,Lyubov
791,"ACER PREDATOR GAME PAD 711",MOUSE,20230718095332,"2023-07-18 09:53:32",Kravchuk,Lyubov
792,"8GB DDR5 5200 ADATA HUNTER",RAM,20230718095332,"2023-07-18 09:53:32",Kravchuk,Lyubov
793,"ASUS ROG STRIX B560-G GAMIN WF","MAIN BOARD",20230718095332,"2023-07-18 09:53:32",Kravchuk,Lyubov
794,"THREADRIPPER 2920X",CPUs,20230719085240,"2023-07-19 08:52:40",Cheban,Zynovij
795,"THREADRIPPER 2970X",CPUs,20230720083913,"2023-07-20 08:39:13",Naumenko,Vladyslava
796,"8GB DDR3 1600 TEAM ELITE",RAM,20230720083913,"2023-07-20 08:39:13",Naumenko,Vladyslava
797,"ASUS B5602CBN-OLED-UI74D0X",NOTEBOOK,20230720083913,"2023-07-20 08:39:13",Naumenko,Vladyslava
798,"HP pavilion",NOTEBOOK,20230722165308,"2023-07-22 16:53:08",Valenyuk,Volodymyr
799,"AMD RYZEN 5 2400G",CPUs,20230723110619,"2023-07-23 11:06:19",Ponomarenko,Taras
800,"MS WL MOBILE MOUSE 1850 BLACK",MOUSE,20230723110619,"2023-07-23 11:06:19",Ponomarenko,Taras
801,"Intel Core i7 9700K",CPUs,20230724095022,"2023-07-24 09:50:22",Yevtushenko,Myron
802,"16G DDR4 3200 TEAM ELITE",RAM,20230724095022,"2023-07-24 09:50:22",Yevtushenko,Myron
803,"Dell Vostro 5471",NOTEBOOK,20230724095022,"2023-07-24 09:50:22",Yevtushenko,Myron
804,"GB R695XTGAMING OC-16GD","VIDEO CARD",20230725103649,"2023-07-25 10:36:49",Honchar,Anton
805,"GB R695XTGAMING OC-16GD","VIDEO CARD",20230725103649,"2023-07-25 10:36:49",Honchar,Anton
806,"CANON MF-463DW AIO LASER",PRINTER,20230726101959,"2023-07-26 10:19:59",Lebid,Nina
807,"LENOVO 300 FHD W/MIC","WEB CAMERA",20230726101959,"2023-07-26 10:19:59",Lebid,Nina
808,"THREADRIPPER 2920X",CPUs,20230727122620,"2023-07-27 12:26:20",Ilchenko,Tamara
809,HP-Compaq,NOTEBOOK,20230728091306,"2023-07-28 09:13:06",Honchar,Anton
810,"ASUS W5000 WL KB+MOUSE WHITE",KEYBOARD,20230728091306,"2023-07-28 09:13:06",Honchar,Anton
811,"8G DDR4 3200 ADATA",RAM,20230728091306,"2023-07-28 09:13:06",Honchar,Anton
812,"LENOVO LEGIOIN K300 RGB",KEYBOARD,20230729101655,"2023-07-29 10:16:55",Tokar,Oksana
813,"GB R695XTGAMING OC-16GD","VIDEO CARD",20230729101655,"2023-07-29 10:16:55",Tokar,Oksana
814,"OMEGA KB-805 MECH USB GAMING",KEYBOARD,20230730155039,"2023-07-30 15:50:39",Voloshchuk,Stanislav
815,"4G DDR4 3200 KINGST FURY BEAST",RAM,20230731145746,"2023-07-31 14:57:46",Movchan,Ivan
816,"ASUS G15DK-21302",Desktops,20230801092906,"2023-08-01 09:29:06",Movchan,Eduard
817,"OMEGA CMM293RD /7D /BLACK-RED",MOUSE,20230801092906,"2023-08-01 09:29:06",Movchan,Eduard
818,"GB R69XTGAMING OC-16GD","VIDEO CARD",20230801092906,"2023-08-01 09:29:06",Movchan,Eduard
819,"16G DDR4 2666 ADATA",RAM,20230801092906,"2023-08-01 09:29:06",Movchan,Eduard
820,"LENOVO LEGIOIN K300 RGB",KEYBOARD,20230802084728,"2023-08-02 08:47:28",Voloshchuk,Stanislav
821,"ACER 34 CB342CKCSMIIPHUZX",MONITOR,20230802084728,"2023-08-02 08:47:28",Voloshchuk,Stanislav
822,"MSI RX6950XT GAMING X TRIO 16G","VIDEO CARD",20230803082351,"2023-08-03 08:23:51",Serdyuk,Tayisiya
823,"ACER AN515-57-74E6 NITRO 5",NOTEBOOK,20230803082351,"2023-08-03 08:23:51",Serdyuk,Tayisiya
824,"PALIT RTX3080TI GAMEROCK 12G","VIDEO CARD",20230803082351,"2023-08-03 08:23:51",Serdyuk,Tayisiya
825,"MSI RTX3080TI VENTUS 3X 12G OC","VIDEO CARD",20230803082351,"2023-08-03 08:23:51",Serdyuk,Tayisiya
826,"NOKIA 43 SMART TV 4300B FHD",MONITOR,20230803082351,"2023-08-03 08:23:51",Serdyuk,Tayisiya
827,"MSI GAMING CLUTCH GM08",MOUSE,20230803082351,"2023-08-03 08:23:51",Serdyuk,Tayisiya
828,"A4 B500N BLOODY GRAY",KEYBOARD,20230803082351,"2023-08-03 08:23:51",Serdyuk,Tayisiya
829,"8G DDR4 2666 KINGSTON",RAM,20230804081504,"2023-08-04 08:15:04",Kravets,Zhanna
830,"27 LG 27UP850-W",MONITOR,20230804081504,"2023-08-04 08:15:04",Kravets,Zhanna
831,"DELL XPS15 (9560)",NOTEBOOK,20230804081504,"2023-08-04 08:15:04",Kravets,Zhanna
832,"ASUS G15CF-WB5720W",Desktops,20230804081504,"2023-08-04 08:15:04",Kravets,Zhanna
833,"OMEGA CMM293RD /7D /BLACK-RED",MOUSE,20230804081504,"2023-08-04 08:15:04",Kravets,Zhanna
834,"AMD RYZEN 5 2400G",CPUs,20230805083423,"2023-08-05 08:34:23",Horban,Andrij
835,"ASUS G15CF-WB5720W",Desktops,20230805083423,"2023-08-05 08:34:23",Horban,Andrij
836,"HP pavilion",NOTEBOOK,20230805083423,"2023-08-05 08:34:23",Horban,Andrij
837,"AMD RYZEN 5 2400G",CPUs,20230805083423,"2023-08-05 08:34:23",Horban,Andrij
838,"16G DDR4 2666 ADATA",RAM,20230806103330,"2023-08-06 10:33:30",Naumenko,Vladyslava
839,"ASUS G22CH-7720W",Desktops,20230806103330,"2023-08-06 10:33:30",Naumenko,Vladyslava
840,"ACER AN515-57-74E6 NITRO 5",NOTEBOOK,20230807154957,"2023-08-07 15:49:57",Martynenko,Nina
841,"Dell Vostro 5471",NOTEBOOK,20230807154957,"2023-08-07 15:49:57",Martynenko,Nina
842,"MSI KATANA 17 B12VFK-204BG",NOTEBOOK,20230807154957,"2023-08-07 15:49:57",Martynenko,Nina
843,"ASUS 23.8 PROART PA248Q",MONITOR,20230808113204,"2023-08-08 11:32:04",Horban,Yurij
844,"ASUS G15DK-21302",Desktops,20230810083928,"2023-08-10 08:39:28",Bondarchuk,Iryna
845,"ASUS NC05 TUF GAMING P3 PAD",MOUSE,20230810083928,"2023-08-10 08:39:28",Bondarchuk,Iryna
846,"MS WL MOBILE MOUSE 1850 BLACK",MOUSE,20230810083928,"2023-08-10 08:39:28",Bondarchuk,Iryna
847,"CANON MF-752CDW AIO CLR LASER",PRINTER,20230811085146,"2023-08-11 08:51:46",Kravchuk,Larysa
848,"MSI 32 OPTIX G32CQ4 VA CURVED",MONITOR,20230811085146,"2023-08-11 08:51:46",Kravchuk,Larysa
849,"34 LENOVO G34W-10",MONITOR,20230811085146,"2023-08-11 08:51:46",Kravchuk,Larysa
850,"LENOVO YOGA 7 14 / 82QF003QBM",NOTEBOOK,20230811085146,"2023-08-11 08:51:46",Kravchuk,Larysa
851,"MS WL MOBILE MOUSE 1850 BLACK",MOUSE,20230811085146,"2023-08-11 08:51:46",Kravchuk,Larysa
852,"GB B550 AORUS PRO AC /AM4","MAIN BOARD",20230812092037,"2023-08-12 09:20:37",Shirman,Eduard
853,"CANON MF-461DW AIO LASER",PRINTER,20230812092037,"2023-08-12 09:20:37",Shirman,Eduard
854,"GB B550 AORUS PRO AC /AM4","MAIN BOARD",20230813084348,"2023-08-13 08:43:48",Bondarchuk,Iryna
855,"A4 B500N BLOODY GRAY",KEYBOARD,20230813084348,"2023-08-13 08:43:48",Bondarchuk,Iryna
856,"ACER AN515-57-74E6 NITRO 5",NOTEBOOK,20230813084348,"2023-08-13 08:43:48",Bondarchuk,Iryna
857,"LOGITECH MK330 WL DESKTOP BK",KEYBOARD,20230814105019,"2023-08-14 10:50:19",Movchan,Dmytro
858,"CM DEVASTATOR II BLU LED DESKT",KEYBOARD,20230814105019,"2023-08-14 10:50:19",Movchan,Dmytro
859,"A4 X-705K 3-FIRE GAME OPT USB",MOUSE,20230814105019,"2023-08-14 10:50:19",Movchan,Dmytro
860,"ASUS 31.5 TUF GAMING VG32VQ1BR",MONITOR,20230814105019,"2023-08-14 10:50:19",Movchan,Dmytro
861,"16G DDR4 3200 TEAM ELITE",RAM,20230814105019,"2023-08-14 10:50:19",Movchan,Dmytro
862,"8G DDR4 3200 ADATA",RAM,20230814105019,"2023-08-14 10:50:19",Movchan,Dmytro
863,"MSI PRO Z690-A DDR4 /LGA1700","MAIN BOARD",20230814105019,"2023-08-14 10:50:19",Movchan,Dmytro
864,"ASUS G15CF-WB7822",Desktops,20230814105019,"2023-08-14 10:50:19",Movchan,Dmytro
865,"ACER AN517-42-R8SQ NITRO 5",NOTEBOOK,20230815135815,"2023-08-15 13:58:15",Musiyenko,Leonid
866,"PALIT RTX3080TI GAMEROCK 12G","VIDEO CARD",20230816141832,"2023-08-16 14:18:32",Prykhodko,Hryhorij
867,"LENOVO CREATOR 5 / 82L6000EBM",NOTEBOOK,20230816141832,"2023-08-16 14:18:32",Prykhodko,Hryhorij
868,"LENOVO YOGA 7 14 / 82QF003QBM",NOTEBOOK,20230816141832,"2023-08-16 14:18:32",Prykhodko,Hryhorij
869,"OMEGA KB-805 MECH USB GAMING",KEYBOARD,20230817090340,"2023-08-17 09:03:40",Voloshchuk,Stanislav
870,"GB N308TGAMING OC-12GD","VIDEO CARD",20230817090340,"2023-08-17 09:03:40",Voloshchuk,Stanislav
871,"DELL VOSTRO 3668",Desktops,20230817090340,"2023-08-17 09:03:40",Voloshchuk,Stanislav
872,"DELL VOSTRO 3668",Desktops,20230817090340,"2023-08-17 09:03:40",Voloshchuk,Stanislav
873,"NOKIA 43 SMART TV 4300B FHD",MONITOR,20230817090340,"2023-08-17 09:03:40",Voloshchuk,Stanislav
874,"Intel Core i7 9700K",CPUs,20230818085320,"2023-08-18 08:53:20",Demchuk,Tamara
875,"16G DDR4 3200 TEAM ELITE",RAM,20230818085320,"2023-08-18 08:53:20",Demchuk,Tamara
876,"CANON MF-752CDW AIO CLR LASER",PRINTER,20230818085320,"2023-08-18 08:53:20",Demchuk,Tamara
877,"A4 X-705K 3-FIRE GAME OPT USB",MOUSE,20230819084942,"2023-08-19 08:49:42",Velychko,Anastasiya
878,"LENOVO LEGION T5 26/90RC01B5RM",Desktops,20230820121227,"2023-08-20 12:12:27",Sayenko,Ulyana
879,"HP 285 MT G3",Desktops,20230820121227,"2023-08-20 12:12:27",Sayenko,Ulyana
880,"LENOVO 300 FHD W/MIC","WEB CAMERA",20230821082602,"2023-08-21 08:26:02",Leshchenko,Khrystyna
881,"MSI KATANA 17 B12VFK-204BG",NOTEBOOK,20230821082602,"2023-08-21 08:26:02",Leshchenko,Khrystyna
882,"GW RTX3080TI PHANTOM 12G","VIDEO CARD",20230821082602,"2023-08-21 08:26:02",Leshchenko,Khrystyna
883,"27 GB G27Q-EK",MONITOR,20230821082602,"2023-08-21 08:26:02",Leshchenko,Khrystyna
884,"GB N308TGAMING OC-12GD","VIDEO CARD",20230821082602,"2023-08-21 08:26:02",Leshchenko,Khrystyna
885,"LENOVO LEGION T5 26/90RC01B5RM",Desktops,20230822132342,"2023-08-22 13:23:42",Kravchuk,Larysa
886,"LENOVO YOGA 7 14 / 82QF003QBM",NOTEBOOK,20230823113617,"2023-08-23 11:36:17",Babych,Yuliya
887,"ASUS G15CF-WB7636",Desktops,20230824080755,"2023-08-24 08:07:55",Yatsenko,Halyna
888,"GB R695XTGAMING OC-16GD","VIDEO CARD",20230824080755,"2023-08-24 08:07:55",Yatsenko,Halyna
889,"THREADRIPPER 2920X",CPUs,20230825134330,"2023-08-25 13:43:30",Stepanenko,Liliya
890,"LENOVO LEGION T5 26/90RC01B5RM",Desktops,20230826104905,"2023-08-26 10:49:05",Dudnyk,Vita
891,"GB R69XTGAMING OC-16GD","VIDEO CARD",20230826104905,"2023-08-26 10:49:05",Dudnyk,Vita
892,"GB N3090GAMING OC-24GD","VIDEO CARD",20230827121117,"2023-08-27 12:11:17",Yevtushenko,Myron
893,"ASUS G35DX-21202W",Desktops,20230827121117,"2023-08-27 12:11:17",Yevtushenko,Myron
894,"4G DDR3 1600 TEAM ELITE",RAM,20230828140218,"2023-08-28 14:02:18",Kulish,Yevheniya
895,"CANON MF-461DW AIO LASER",PRINTER,20230828140218,"2023-08-28 14:02:18",Kulish,Yevheniya
896,"Intel Core i9 9900K",CPUs,20230828140218,"2023-08-28 14:02:18",Kulish,Yevheniya
897,"4G DDR3 1600 TEAM ELITE",RAM,20230829112926,"2023-08-29 11:29:26",Velychko,Anastasiya
898,"4G DDR4 3200 KINGST FURY BEAST",RAM,20230829112926,"2023-08-29 11:29:26",Velychko,Anastasiya
899,"LOGITECH M185 WL / RED",MOUSE,20230829112926,"2023-08-29 11:29:26",Velychko,Anastasiya
900,"LOGITECH M185 WL / RED",MOUSE,20230830085705,"2023-08-30 08:57:05",Horban,Yurij
901,"AMD RYZEN 5 2400G",CPUs,20230830085705,"2023-08-30 08:57:05",Horban,Yurij
902,"8GB DDR5 4800 KINGSTON",RAM,20230830085705,"2023-08-30 08:57:05",Horban,Yurij
903,"OMEGA CMM293RD /7D /BLACK-RED",MOUSE,20230830085705,"2023-08-30 08:57:05",Horban,Yurij
904,"HP pavilion",NOTEBOOK,20230830085705,"2023-08-30 08:57:05",Horban,Yurij
905,"27 LG 27UP850-W",MONITOR,20230831092715,"2023-08-31 09:27:15",Kondratyuk,Zynovij
906,"ASUS G15CF-WB5720W",Desktops,20230831092715,"2023-08-31 09:27:15",Kondratyuk,Zynovij
907,"HP pavilion",NOTEBOOK,20230831092715,"2023-08-31 09:27:15",Kondratyuk,Zynovij
908,"OMEGA CMM293RD /7D /BLACK-RED",MOUSE,20230831092715,"2023-08-31 09:27:15",Kondratyuk,Zynovij
909,"A4 PK-930HA 1080P","WEB CAMERA",20230831092715,"2023-08-31 09:27:15",Kondratyuk,Zynovij
910,"MSI PRO Z690-A DDR4 /LGA1700","MAIN BOARD",20230901124414,"2023-09-01 12:44:14",Kravchuk,Lyubov
911,"MSI RTX3080 VENT3X PLUS 12 OC","VIDEO CARD",20230901124414,"2023-09-01 12:44:14",Kravchuk,Lyubov
912,"ASUS G15DK-21302",Desktops,20230901124414,"2023-09-01 12:44:14",Kravchuk,Lyubov
913,"LENOVO YOGA 7 14 / 82QF003QBM",NOTEBOOK,20230902083100,"2023-09-02 08:31:00",Valenyuk,Volodymyr
914,"CM DEVASTATOR II BLU LED DESKT",KEYBOARD,20230902083100,"2023-09-02 08:31:00",Valenyuk,Volodymyr
915,"ASROCK B550 PHANTOM GAM-ITX/AX","MAIN BOARD",20230902083100,"2023-09-02 08:31:00",Valenyuk,Volodymyr
916,"NOKIA 43 SMART TV 4300B FHD",MONITOR,20230903093633,"2023-09-03 09:36:33",Bondarchuk,Iryna
917,"ACER 34 CB342CKCSMIIPHUZX",MONITOR,20230903093633,"2023-09-03 09:36:33",Bondarchuk,Iryna
918,"ASUS 31.5 TUF GAMING VG32VQ1BR",MONITOR,20230903093633,"2023-09-03 09:36:33",Bondarchuk,Iryna
919,"A4 PK-930HA 1080P","WEB CAMERA",20230904093315,"2023-09-04 09:33:15",Movchan,Ivan
920,"LENOVO 300 FHD W/MIC","WEB CAMERA",20230904093315,"2023-09-04 09:33:15",Movchan,Ivan
921,"CM DEVASTATOR II BLU LED DESKT",KEYBOARD,20230904093315,"2023-09-04 09:33:15",Movchan,Ivan
922,"ASROCK B550 PHANTOM GAM-ITX/AX","MAIN BOARD",20230904093315,"2023-09-04 09:33:15",Movchan,Ivan
923,"Dell OptiPlex 7060 SFF",Desktops,20230905094958,"2023-09-05 09:49:58",Didyk,Lyubov
924,"Intel Core i9 9900K",CPUs,20230905094958,"2023-09-05 09:49:58",Didyk,Lyubov
925,"MS ALL IN ONE MEDIA KB",KEYBOARD,20230905094958,"2023-09-05 09:49:58",Didyk,Lyubov
926,"MSI 32 OPTIX G32CQ4 VA CURVED",MONITOR,20230905094958,"2023-09-05 09:49:58",Didyk,Lyubov
927,"AMD RYZEN 5 2400G",CPUs,20230906083348,"2023-09-06 08:33:48",Bojchuk,Lyubov
928,"ASUS G15CF-WB7636",Desktops,20230906083348,"2023-09-06 08:33:48",Bojchuk,Lyubov
929,"ACER AMR514 RF2.4 WL OPTICAL",MOUSE,20230906083348,"2023-09-06 08:33:48",Bojchuk,Lyubov
930,"16G DDR4 3200 TEAM ELITE",RAM,20230907131653,"2023-09-07 13:16:53",Kondratyuk,Liliya
931,"4G DDR4 3200 KINGST FURY BEAST",RAM,20230907131653,"2023-09-07 13:16:53",Kondratyuk,Liliya
932,"PALIT RTX3090TI GAMEROCK 24G","VIDEO CARD",20230908114334,"2023-09-08 11:43:34",Yakymenko,Danylo
933,"16G DDR4 2666 ADATA",RAM,20230908114334,"2023-09-08 11:43:34",Yakymenko,Danylo
934,"A4 PK-930HA 1080P","WEB CAMERA",20230908114334,"2023-09-08 11:43:34",Yakymenko,Danylo
935,"ASUS G35DX-21202W",Desktops,20230909085407,"2023-09-09 08:54:07",Honchar,Anton
936,"ASUS ROG STRIX G35CA-WB7830W",Desktops,20230909085407,"2023-09-09 08:54:07",Honchar,Anton
937,"16G DDR4 2666 ADATA",RAM,20230909085407,"2023-09-09 08:54:07",Honchar,Anton
938,"CANON MF-463DW AIO LASER",PRINTER,20230910121439,"2023-09-10 12:14:39",Solovej,Taras
939,"GW RTX3080TI PHANTOM 12G","VIDEO CARD",20230910121439,"2023-09-10 12:14:39",Solovej,Taras
940,"8GB DDR5 5200 ADATA HUNTER",RAM,20230912100021,"2023-09-12 10:00:21",Ihnatenko,Olha
941,"ASUS G15DK-WB7620",Desktops,20230912100021,"2023-09-12 10:00:21",Ihnatenko,Olha
942,"LENOVO YOGA 7 14 / 82QF003QBM",NOTEBOOK,20230912100021,"2023-09-12 10:00:21",Ihnatenko,Olha
943,"MSI SUMMIT E14 FLIP A12MT 093",NOTEBOOK,20230912100021,"2023-09-12 10:00:21",Ihnatenko,Olha
944,"Dell Vostro 5471",NOTEBOOK,20230912100021,"2023-09-12 10:00:21",Ihnatenko,Olha
945,"CANON MF-463DW AIO LASER",PRINTER,20230912100021,"2023-09-12 10:00:21",Ihnatenko,Olha
946,"LENOVO V520 TWR",Desktops,20230913150043,"2023-09-13 15:00:43",Parkhomenko,Yeva
947,"ASUS B5602CBN-OLED-UI74D0X",NOTEBOOK,20230913150043,"2023-09-13 15:00:43",Parkhomenko,Yeva
948,"ASROCK B550 PHANTOM GAM-ITX/AX","MAIN BOARD",20230914095933,"2023-09-14 09:59:33",Holovko,Denys
949,"LOGITECH M185 WL / RED",MOUSE,20230914095933,"2023-09-14 09:59:33",Holovko,Denys
950,"LENOVO 300 FHD W/MIC","WEB CAMERA",20230914095933,"2023-09-14 09:59:33",Holovko,Denys
951,"ACER AN515-57-74E6 NITRO 5",NOTEBOOK,20230915083445,"2023-09-15 08:34:45",Lyashko,Yukhym
952,HP-Compaq,NOTEBOOK,20230915083445,"2023-09-15 08:34:45",Lyashko,Yukhym
953,"CM DEVASTATOR II BLU LED DESKT",KEYBOARD,20230915083445,"2023-09-15 08:34:45",Lyashko,Yukhym
954,"ASROCK B550 PHANTOM GAM-ITX/AX","MAIN BOARD",20230916100600,"2023-09-16 10:06:00",Valenyuk,Roman
955,"GB R69XTGAMING OC-16GD","VIDEO CARD",20230916100600,"2023-09-16 10:06:00",Valenyuk,Roman
956,"Intel Core i5 9600K",CPUs,20230916100600,"2023-09-16 10:06:00",Valenyuk,Roman
957,"CANON MF-461DW AIO LASER",PRINTER,20230916100600,"2023-09-16 10:06:00",Valenyuk,Roman
958,"Intel Core i7 9700K",CPUs,20230916100600,"2023-09-16 10:06:00",Valenyuk,Roman
959,"MSI RTX3080 VENT3X PLUS 12 OC","VIDEO CARD",20230917155306,"2023-09-17 15:53:06",Lebid,Nina
960,"GB B550 AORUS PRO AC /AM4","MAIN BOARD",20230917155306,"2023-09-17 15:53:06",Lebid,Nina
961,"HP 285 MT G3",Desktops,20230918081052,"2023-09-18 08:10:52",Mazurenko,Yurij
962,"Intel Core i7 9700K",CPUs,20230918081052,"2023-09-18 08:10:52",Mazurenko,Yurij
963,"ACER AN515-57-74E6 NITRO 5",NOTEBOOK,20230918081052,"2023-09-18 08:10:52",Mazurenko,Yurij
964,"GB N308TGAMING OC-12GD","VIDEO CARD",20230918081052,"2023-09-18 08:10:52",Mazurenko,Yurij
965,"8GB DDR5 4800 KINGSTON",RAM,20230919130759,"2023-09-19 13:07:59",Shevchenko,Mykyta
966,"A4 PK-930HA 1080P","WEB CAMERA",20230920123759,"2023-09-20 12:37:59",Babych,Yuliya
967,"ASUS G15DK-21302",Desktops,20230920123759,"2023-09-20 12:37:59",Babych,Yuliya
968,"8GB DDR5 5200 ADATA HUNTER",RAM,20230920123759,"2023-09-20 12:37:59",Babych,Yuliya
969,"ASUS ROG STRIX B560-G GAMIN WF","MAIN BOARD",20230921091036,"2023-09-21 09:10:36",Balko,Yeva
970,"ASUS ROG STRIX B560-A GAMIN WF","MAIN BOARD",20230921091036,"2023-09-21 09:10:36",Balko,Yeva
971,"ACER 34 CB342CKCSMIIPHUZX",MONITOR,20230922111119,"2023-09-22 11:11:19",Nazarenko,Yuliya
972,"LENOVO LEGION T5 26/90RC01B5RM",Desktops,20230922111119,"2023-09-22 11:11:19",Nazarenko,Yuliya
973,"A4 X-705K 3-FIRE GAME OPT USB",MOUSE,20230922111119,"2023-09-22 11:11:19",Nazarenko,Yuliya
974,"ASROCK B550 PHANTOM GAM-ITX/AX","MAIN BOARD",20230922111119,"2023-09-22 11:11:19",Nazarenko,Yuliya
975,"ASUS G513RM-LN397",NOTEBOOK,20230922111119,"2023-09-22 11:11:19",Nazarenko,Yuliya
976,"OMEGA KB-805 MECH USB GAMING",KEYBOARD,20230924114050,"2023-09-24 11:40:50",Kondratyuk,Orest
977,"ASUS G15CF-WB7636",Desktops,20230924114050,"2023-09-24 11:40:50",Kondratyuk,Orest
978,"8G DDR4 2666 KINGSTON",RAM,20230924114050,"2023-09-24 11:40:50",Kondratyuk,Orest
979,"PALIT RTX3080TI GAMEROCK 12G","VIDEO CARD",20230924114050,"2023-09-24 11:40:50",Kondratyuk,Orest
980,"LOGITECH MK330 WL DESKTOP BK",KEYBOARD,20230925102003,"2023-09-25 10:20:03",Olijnyk,Roman
981,"LENOVO V520 TWR",Desktops,20230925102003,"2023-09-25 10:20:03",Olijnyk,Roman
982,"ACER AN515-57-74E6 NITRO 5",NOTEBOOK,20230926085404,"2023-09-26 08:54:04",Parkhomenko,Yeva
983,"REP EXT CAMERA CASE TH-500","WEB CAMERA",20230926085404,"2023-09-26 08:54:04",Parkhomenko,Yeva
984,"16G DDR4 3200 TEAM ELITE",RAM,20230926085404,"2023-09-26 08:54:04",Parkhomenko,Yeva
985,"LENOVO V520 TWR",Desktops,20230927122133,"2023-09-27 12:21:33",Naumenko,Yevhen
986,"34 LENOVO G34W-10",MONITOR,20230927122133,"2023-09-27 12:21:33",Naumenko,Yevhen
987,"GB N308TGAMING OC-12GD","VIDEO CARD",20230927122133,"2023-09-27 12:21:33",Naumenko,Yevhen
988,"ASROCK B650 PG LIGHTNING /AM5","MAIN BOARD",20230927122133,"2023-09-27 12:21:33",Naumenko,Yevhen
989,"ASUS ROG STRIX B560-G GAMIN WF","MAIN BOARD",20230928103729,"2023-09-28 10:37:29",Kravchenko,Myroslav
990,"ASUS G35DX-21202W",Desktops,20230928103729,"2023-09-28 10:37:29",Kravchenko,Myroslav
991,"CM DEVASTATOR II BLU LED DESKT",KEYBOARD,20230928103729,"2023-09-28 10:37:29",Kravchenko,Myroslav
992,"MS ALL IN ONE MEDIA KB",KEYBOARD,20230929090346,"2023-09-29 09:03:46",Slobodyan,Ulyana
993,"ASUS ROG STRIX B560-G GAMIN WF","MAIN BOARD",20230930120601,"2023-09-30 12:06:01",Petruk,Oleksandra
994,"34 LENOVO G34W-10",MONITOR,20230930120601,"2023-09-30 12:06:01",Petruk,Oleksandra
995,"MS WIRELESS DESKTOP 850 AES",KEYBOARD,20230930120601,"2023-09-30 12:06:01",Petruk,Oleksandra
996,"A4 X-705K 3-FIRE GAME OPT USB",MOUSE,20231001081816,"2023-10-01 08:18:16",Parkhomenko,Yeva
997,"16G DDR4 3200 TEAM ELITE",RAM,20231001081816,"2023-10-01 08:18:16",Parkhomenko,Yeva
998,"27 GB G27Q-EK",MONITOR,20231001081816,"2023-10-01 08:18:16",Parkhomenko,Yeva
999,"ASUS G22CH-7720W",Desktops,20231001081816,"2023-10-01 08:18:16",Parkhomenko,Yeva
1000,"GB N3090GAMING OC-24GD","VIDEO CARD",20231001081816,"2023-10-01 08:18:16",Parkhomenko,Yeva
